id,xP
1,5.2
2,1.0
3,0.0
4,1.0
5,8.0
6,5.8
7,2.6
8,6.2
9,0.0
10,1.0
11,1.0
13,1.0
14,0.0
15,1.0
16,7.2
17,0.9
18,2.2
19,2.8
20,1.5
21,5.8
22,0.0
23,0.0
24,1.4
25,0.0
26,3.8
28,0.0
29,0.0
30,1.8
31,1.0
266,5.6
662,2.4
666,6.0
700,2.2
711,1.0
725,6.0
759,1.0
32,1.3
33,-0.5
34,0.0
35,0.0
36,-0.2
37,1.0
38,1.7
39,0.5
40,0.7
41,-0.3
42,0.0
43,0.0
44,0.0
45,0.0
46,0.0
47,1.3
48,0.0
49,1.5
50,1.3
51,0.0
53,0.0
54,0.0
55,3.3
56,0.0
57,0.0
58,0.0
59,1.5
60,0.0
61,0.0
62,0.0
63,0.0
64,0.7
65,0.0
389,-0.5
456,0.0
688,-0.5
699,2.3
701,0.0
702,-0.5
703,-0.5
710,-0.5
719,-0.5
754,-0.5
757,-0.5
768,-0.5
781,-0.5
792,0.0
808,2.0
183,-0.5
184,0.0
185,-0.5
186,0.0
187,2.0
188,0.0
189,0.0
190,-0.5
191,1.7
192,1.0
193,1.7
194,0.0
195,0.3
196,0.0
197,0.0
198,0.0
199,2.0
200,4.3
201,0.0
202,0.0
203,-0.5
204,0.0
205,0.0
206,0.2
207,3.3
208,0.0
209,1.0
210,0.3
211,0.0
212,0.0
213,0.0
214,-0.4
215,2.8
216,0.0
217,0.5
218,0.3
219,0.0
470,2.0
614,2.5
676,0.7
680,-0.2
722,0.0
776,-0.5
784,-0.5
820,-0.5
66,0.0
67,6.5
68,0.0
69,0.5
70,0.0
71,0.0
72,8.0
73,2.7
74,7.7
75,0.5
76,0.5
77,6.5
78,0.0
79,0.0
80,0.0
81,0.0
84,3.7
85,3.0
86,1.3
87,2.7
88,0.0
89,0.0
90,4.5
91,0.0
92,0.0
93,0.0
94,0.0
95,0.0
96,0.0
97,3.5
98,1.5
99,0.0
100,2.3
391,0.0
685,0.5
687,0.5
697,2.0
713,4.7
721,0.5
756,0.5
782,0.5
799,0.5
801,0.5
806,0.5
807,3.3
27,0.5
83,5.0
101,2.7
102,0.5
103,0.0
104,0.5
105,0.7
106,2.3
107,2.0
108,2.5
109,0.0
110,3.7
111,0.5
112,0.0
113,4.5
114,0.0
115,0.0
116,0.0
117,0.0
118,0.0
120,3.7
121,6.5
122,0.0
123,0.0
124,2.5
125,0.0
126,3.0
127,0.0
128,0.0
129,1.3
130,1.0
131,0.0
132,0.0
133,0.0
134,0.0
136,4.5
137,0.0
748,0.0
797,0.5
810,0.5
819,0.5
138,0.0
139,4.8
140,0.0
141,0.0
142,0.0
143,0.2
144,0.0
145,0.8
146,4.5
147,0.0
148,4.8
149,0.0
150,0.0
151,6.0
152,1.0
153,0.0
154,0.0
155,0.0
156,0.0
157,0.9
158,1.0
159,0.2
160,2.5
161,0.0
162,0.0
163,4.0
164,0.2
165,0.0
166,0.2
167,1.0
169,6.0
170,2.0
171,0.0
172,0.0
173,3.0
174,0.0
175,0.0
176,0.0
177,0.0
178,5.2
179,0.0
180,0.0
181,0.0
744,0.0
761,0.0
783,4.5
795,0.2
220,2.3
221,1.3
222,0.0
223,0.5
224,1.3
225,4.5
226,2.3
227,0.0
228,3.7
229,0.5
230,1.5
231,1.0
232,1.3
233,0.7
234,0.0
235,4.3
236,0.0
237,2.7
238,0.0
239,0.5
240,0.0
241,2.7
244,1.3
245,0.0
246,1.7
247,0.5
248,0.0
249,8.0
250,1.5
251,0.0
252,0.5
453,2.7
672,1.3
743,0.5
789,0.5
803,0.5
253,5.5
254,1.8
255,0.0
256,2.1
257,3.0
258,5.0
259,0.0
261,5.2
262,2.0
263,0.2
264,0.0
265,0.0
267,5.5
268,0.0
269,0.0
270,0.5
271,1.2
272,0.8
273,3.8
274,0.0
275,0.0
276,0.0
277,0.0
278,0.0
279,0.0
280,0.0
281,0.0
282,0.0
283,0.2
284,0.0
285,0.0
286,0.0
580,2.0
654,2.2
677,3.0
690,0.0
712,1.2
723,5.2
732,0.2
762,0.0
773,0.0
780,0.0
793,0.0
798,0.0
242,4.2
243,-0.2
287,1.8
288,-1.0
289,0.0
290,3.2
291,3.8
292,1.5
293,1.5
294,-0.2
295,0.8
296,-1.0
297,0.0
298,-1.0
299,2.5
300,2.5
301,-0.2
302,1.8
303,4.5
304,0.5
305,0.0
306,-1.0
307,-1.0
308,0.0
309,0.0
310,1.5
311,2.5
312,0.0
313,0.0
419,0.0
630,-1.0
667,-1.0
704,0.0
705,0.0
707,-0.8
728,-0.8
779,-1.0
314,3.5
315,0.0
316,1.5
317,2.8
318,4.5
319,0.5
320,0.8
321,0.5
322,3.5
323,0.0
324,7.0
325,1.2
327,0.0
328,2.0
329,4.3
330,3.0
331,1.2
332,0.2
333,0.0
334,0.0
335,1.8
336,0.0
337,4.0
338,1.0
424,2.5
664,0.0
727,1.0
731,0.0
737,0.0
770,0.0
786,0.0
168,0.0
339,0.0
340,0.0
341,3.2
342,1.5
343,3.5
344,2.2
345,0.0
346,0.0
347,0.8
348,4.0
349,0.0
350,2.0
351,0.2
352,0.0
353,0.5
354,4.8
355,0.0
356,1.8
357,0.0
358,0.0
359,0.0
360,0.0
361,0.0
362,0.5
363,0.0
364,0.0
365,1.0
493,0.2
660,5.5
665,0.0
691,1.1
698,0.0
706,3.0
741,0.0
787,0.0
366,3.0
367,0.5
368,0.5
369,0.5
370,4.7
371,3.7
372,1.3
373,5.7
374,3.5
375,0.0
376,1.5
377,0.0
378,0.5
379,0.5
380,0.5
381,4.3
382,1.3
383,0.0
384,4.3
385,1.0
386,8.5
387,6.3
388,1.7
390,3.0
392,0.0
393,0.0
394,0.0
395,0.0
396,1.0
397,0.0
398,0.0
499,0.0
661,5.5
686,2.0
692,0.0
746,0.5
760,0.5
82,5.7
182,0.5
260,3.3
399,0.0
401,0.5
402,5.0
403,0.0
404,0.0
405,0.7
406,1.5
407,3.7
408,3.0
409,0.5
410,0.1
411,6.7
412,0.0
413,3.0
414,1.5
415,0.7
416,4.3
417,3.0
418,1.0
420,0.0
421,6.0
422,0.1
423,0.5
425,0.0
427,1.0
428,0.5
429,0.0
430,3.0
736,3.7
739,0.0
740,0.0
742,0.5
763,0.5
764,0.5
794,0.5
119,3.3
431,0.5
432,0.0
433,0.0
434,0.5
435,0.5
436,0.0
437,0.0
438,2.5
439,0.5
440,3.3
441,0.0
442,3.3
443,3.5
444,3.5
445,0.0
446,0.5
447,0.7
448,0.7
449,8.7
450,5.0
451,0.0
452,1.7
454,0.0
455,0.4
457,6.3
458,3.3
459,1.0
460,0.0
461,0.5
462,0.5
463,0.0
464,0.0
465,0.0
466,1.0
467,0.5
468,0.0
681,6.3
733,4.3
755,0.5
769,0.5
771,0.5
788,0.5
52,2.7
135,-0.3
469,0.3
471,-0.5
472,0.0
473,3.3
474,0.0
475,2.3
476,0.7
477,1.0
478,1.3
479,0.0
480,0.0
481,-0.5
482,0.0
483,-0.5
484,0.0
485,5.0
486,1.0
487,0.7
488,0.0
489,2.3
490,1.3
491,2.0
492,0.0
494,1.3
495,0.0
496,0.0
497,0.0
498,0.0
500,1.7
501,-0.5
674,2.0
684,3.7
689,-0.5
714,0.5
753,-0.5
765,-0.5
772,-0.5
12,0.0
400,0.2
426,0.5
502,2.2
503,0.0
504,0.0
505,2.8
506,2.8
507,3.2
508,2.5
509,0.0
510,0.4
511,0.2
512,0.0
513,0.0
514,0.0
515,5.5
516,2.5
517,5.0
518,0.0
519,1.0
520,0.0
521,2.5
522,0.5
523,0.0
524,0.0
525,0.0
526,3.5
527,0.8
669,0.6
675,0.0
693,1.2
696,0.0
715,0.0
716,0.0
729,0.0
734,0.5
805,0.2
814,0.2
528,0.0
529,0.0
530,0.0
531,5.2
532,3.2
533,0.0
534,0.0
535,0.2
536,0.0
537,0.0
538,0.0
539,1.5
540,0.0
541,0.0
542,0.0
543,0.0
544,4.0
545,0.0
546,0.0
547,4.2
548,0.0
549,0.0
550,0.0
551,0.8
552,2.0
553,1.0
554,0.0
555,0.0
556,0.0
557,0.0
558,0.0
559,0.0
560,1.5
561,3.0
562,0.0
563,0.0
564,0.0
668,1.2
670,0.0
678,0.0
683,3.5
694,0.0
724,2.0
730,0.6
735,0.0
774,0.0
775,0.0
800,0.0
812,3.2
813,1.5
821,1.3
822,1.3
565,0.7
566,-0.5
567,-0.5
568,0.3
569,0.0
570,1.5
571,0.0
572,1.7
573,0.5
574,-0.1
575,0.0
576,0.0
577,0.0
578,0.0
579,0.0
581,0.0
582,0.0
583,0.0
584,1.0
585,0.0
586,0.0
587,0.0
588,0.0
589,0.0
590,0.0
591,2.7
592,0.0
593,2.0
594,0.0
595,-0.3
596,2.5
597,3.5
598,0.0
599,0.0
673,0.0
717,0.7
726,2.7
745,-0.5
750,-0.3
751,0.0
790,-0.5
796,0.4
804,0.0
811,-0.5
818,-0.5
326,0.2
600,-0.5
601,0.0
602,0.0
603,4.5
604,0.0
605,-0.5
606,4.7
607,0.0
608,-0.4
609,2.7
610,3.3
611,0.0
612,0.0
613,3.5
615,0.0
616,0.0
617,0.0
618,0.0
619,0.0
620,0.0
621,0.0
622,0.0
623,-0.5
624,4.7
625,0.0
626,0.0
659,-0.5
671,0.0
679,5.0
708,2.0
718,0.7
738,-0.1
747,-0.3
752,-0.5
758,0.3
785,0.0
791,2.7
802,-0.5
815,2.5
627,-0.5
628,1.7
629,-0.5
631,0.0
632,-0.3
633,3.3
634,3.1
635,2.7
636,2.1
637,1.1
638,0.0
639,0.0
640,-0.5
641,0.0
642,-0.5
643,4.3
644,1.9
645,0.0
646,4.5
647,0.0
648,0.0
649,0.0
650,0.0
651,0.7
652,-0.5
653,0.0
655,0.0
656,0.0
657,-0.5
658,-0.5
663,0.0
682,0.9
695,2.5
709,0.3
720,1.9
749,1.3
766,-0.5
767,-0.5
777,0.0
778,-0.5
809,-0.5
816,0.3
817,2.3
