first_name,second_name,goals_scored,assists,total_points,minutes,goals_conceded,creativity,influence,threat,bonus,bps,ict_index,clean_sheets,red_cards,yellow_cards,selected_by_percent,now_cost,element_type
David,Raya Martín,0,0,53,990,5,10.2,159.8,0.0,3,210,17.0,7,0,1,32.2,59,GK
Kepa,Arrizabalaga Revuelta,0,0,0,0,0,0.0,0.0,0.0,0,0,0.0,0,0,0,0.4,42,GK
Karl,Hein,0,0,0,0,0,0.0,0.0,0.0,0,0,0.0,0,0,0,0.3,40,GK
Tommy,Setford,0,0,0,0,0,0.0,0.0,0.0,0,0,0.0,0,0,0,0.2,40,GK
Gabriel,dos Santos Magalhães,1,2,81,990,5,62.6,318.6,88.0,13,279,46.9,7,0,1,40.2,66,DEF
William,Saliba,0,0,39,724,3,34.1,169.6,16.0,1,178,22.0,5,0,0,11.9,60,DEF
Riccardo,Calafiori,1,2,61,856,5,89.3,150.0,181.0,3,213,41.9,7,0,3,15.6,58,DEF
Jurriën,Timber,2,2,67,881,5,179.1,238.0,216.0,7,257,63.5,6,0,2,26.6,62,DEF
Jakub,Kiwior,0,0,0,0,0,0.0,0.0,0.0,0,0,0.0,0,0,0,0.1,54,DEF
Myles,Lewis-Skelly,0,0,6,86,0,7.2,9.8,4.0,0,19,2.0,0,0,1,1.6,51,DEF
Benjamin,White,0,0,6,70,0,11.3,15.4,1.0,0,23,2.8,1,0,0,0.4,53,DEF
Brayden,Clarke,0,0,0,0,0,0.0,0.0,0.0,0,0,0.0,0,0,0,0.5,38,DEF
Maldini,Kacurri,0,0,0,0,0,0.0,0.0,0.0,0,0,0.0,0,0,0,0.1,39,DEF
Josh,Nichols,0,0,0,0,0,0.0,0.0,0.0,0,0,0.0,0,0,0,0.2,39,DEF
Bukayo,Saka,3,0,45,681,3,257.3,194.2,229.0,5,152,68.0,5,0,0,17.6,101,MID
Martin,Ødegaard,0,1,13,201,1,65.0,43.0,22.0,0,47,13.0,1,0,0,1.4,78,MID
Noni,Madueke,0,0,10,304,2,111.7,30.2,105.0,0,39,24.6,2,0,0,0.6,68,MID
Gabriel,Martinelli Silva,1,0,16,214,0,30.6,51.0,93.0,1,56,17.5,1,0,0,0.8,68,MID
Leandro,Trossard,2,2,40,642,4,157.0,147.0,174.0,4,137,47.8,4,0,0,0.9,69,MID
Declan,Rice,2,4,65,893,5,318.0,273.4,99.0,10,254,69.1,6,0,0,21.1,69,MID
Mikel,Merino Zazón,1,1,23,413,3,74.5,98.4,84.0,0,80,25.3,2,0,0,1.0,59,MID
Fábio,Ferreira Vieira,0,0,0,0,0,0.0,0.0,0.0,0,0,0.0,0,0,0,0.0,54,MID
Christian,Nørgaard,0,0,2,14,0,0.1,6.4,7.0,0,7,1.4,0,0,0,0.1,52,MID
Ethan,Nwaneri,0,0,7,163,0,22.4,8.4,24.0,0,17,5.4,1,0,0,0.1,51,MID
Martín,Zubimendi Ibáñez,2,1,48,937,5,168.9,214.6,73.0,4,204,45.7,7,0,2,2.9,54,MID
Ismeal,Kabia,0,0,0,0,0,0.0,0.0,0.0,0,0,0.0,0,0,0,0.1,45,MID
Albert,Sambi Lokonga,0,0,0,0,0,0.0,0.0,0.0,0,0,0.0,0,0,0,0.1,45,MID
Kai,Havertz,0,0,1,30,0,0.8,2.8,2.0,0,4,0.6,0,0,0,0.3,73,FWD
Gabriel,Fernando de Jesus,0,0,0,0,0,0.0,0.0,0.0,0,0,0.0,0,0,0,0.0,64,FWD
Eberechi,Eze,1,3,41,700,3,104.9,127.0,202.0,3,146,43.4,6,0,0,13.3,76,MID
Cristhian,Mosquera,0,0,14,294,3,13.9,67.4,8.0,1,64,9.0,1,0,0,0.2,54,DEF
Viktor,Gyökeres,4,0,37,801,3,106.9,158.6,312.0,4,143,57.7,5,0,1,13.0,89,FWD
Max,Dowman,0,1,5,27,0,0.8,1.0,26.0,0,13,2.8,0,0,0,0.4,43,MID
Andre,Harriman-Annous,0,0,0,0,0,0.0,0.0,0.0,0,0,0.0,0,0,0,0.0,45,MID
Piero,Hincapié,0,0,2,26,0,0.6,0.8,0.0,0,7,0.1,0,0,0,0.0,54,DEF
Emiliano,Martínez Romero,0,0,40,810,7,3.0,179.8,0.0,3,158,18.2,3,0,1,2.7,50,GK
Marco,Bizot,0,0,7,180,3,0.0,25.4,0.0,0,22,2.6,1,0,1,0.5,43,GK
Joe,Gauci,0,0,0,0,0,0.0,0.0,0.0,0,0,0.0,0,0,0,0.1,40,GK
Filip,Marschall,0,0,0,0,0,0.0,0.0,0.0,0,0,0.0,0,0,0,0.0,40,GK
Matty,Cash,2,0,52,966,9,139.2,233.6,57.0,5,179,43.1,4,0,3,5.8,46,DEF
Lucas,Digne,0,3,42,817,6,181.5,161.4,58.0,0,170,39.9,4,0,2,1.7,45,DEF
Ezri,Konsa Ngoyo,0,0,33,875,9,27.4,178.2,33.0,0,168,23.9,4,1,0,8.2,44,DEF
Ian,Maatsen,0,0,6,169,4,78.7,49.0,22.0,0,33,15.1,0,0,1,0.4,42,DEF
Tyrone,Mings,0,0,24,497,6,44.6,120.2,25.0,1,87,19.0,2,0,0,0.8,44,DEF
Pau,Torres,0,0,25,597,6,11.5,126.8,15.0,2,118,15.5,2,0,0,0.4,43,DEF
Andrés,García,0,0,0,0,0,0.0,0.0,0.0,0,0,0.0,0,0,0,0.2,39,DEF
Álex,Moreno Lopera,0,0,0,0,0,0.0,0.0,0.0,0,0,0.0,0,0,0,2.3,40,DEF
Lamare,Bogarde,0,0,16,291,2,32.4,30.6,6.0,3,52,6.8,1,0,1,0.6,40,DEF
Lino,da Cruz Sousa,0,0,0,0,0,0.0,0.0,0.0,0,0,0.0,0,0,0,0.3,39,DEF
Yasin,Özcan,0,0,0,0,0,0.0,0.0,0.0,0,0,0.0,0,0,0,0.1,40,DEF
Morgan,Rogers,1,2,35,976,10,154.4,143.4,152.0,0,115,45.0,4,0,2,5.1,68,MID
Youri,Tielemans,0,1,12,334,4,84.4,55.4,31.0,0,63,17.1,1,0,0,0.6,59,MID
Leon,Bailey,0,0,0,0,0,0.0,0.0,0.0,0,0,0.0,0,0,0,0.1,55,MID
Emiliano,Buendía Stati,3,2,39,435,3,112.7,180.6,111.0,7,132,40.5,2,0,2,0.5,53,MID
Samuel,Iling-Junior,0,0,0,0,0,0.0,0.0,0.0,0,0,0.0,0,0,0,0.0,55,MID
Donyell,Malen,3,0,32,332,6,47.2,113.6,126.0,3,91,27.9,0,0,0,0.7,51,MID
John,McGinn,1,0,30,837,8,208.8,135.6,68.0,0,143,41.4,5,0,1,0.6,54,MID
Ross,Barkley,1,0,10,80,0,29.3,51.8,53.0,0,41,13.4,0,0,0,0.0,48,MID
Enzo,Barrenechea,0,0,0,0,0,0.0,0.0,0.0,0,0,0.0,0,0,0,0.0,50,MID
Lewis,Dobbin,0,0,0,0,0,0.0,0.0,0.0,0,0,0.0,0,0,0,0.0,50,MID
Boubacar,Kamara,0,2,23,644,6,110.1,147.8,31.0,1,128,28.9,3,0,3,0.2,49,MID
Amadou,Onana,1,0,24,485,4,35.2,146.0,25.0,1,111,20.5,3,0,2,0.7,48,MID
Ben,Broggio,0,0,0,0,0,0.0,0.0,0.0,0,0,0.0,0,0,0,0.3,45,MID
Leander,Dendoncker,0,0,0,0,0,0.0,0.0,0.0,0,0,0.0,0,0,0,0.1,45,MID
Jamaldeen,Jimoh-Aloba,0,0,0,0,0,0.0,0.0,0.0,0,0,0.0,0,0,0,0.1,45,MID
Kadan,Young,0,0,0,0,0,0.0,0.0,0.0,0,0,0.0,0,0,0,0.6,44,MID
Ollie,Watkins,1,0,27,866,8,93.6,70.4,218.0,2,81,38.1,5,0,0,6.5,85,FWD
Zépiqueno,Redmond,0,0,0,0,0,0.0,0.0,0.0,0,0,0.0,0,0,0,0.4,45,FWD
Harvey,Elliott,0,0,4,97,2,17.8,8.6,18.0,0,13,4.4,0,0,0,0.2,54,MID
Jadon,Sancho,0,0,4,87,0,29.8,14.6,66.0,0,13,11.1,0,0,0,0.2,58,MID
Evann,Guessand,0,0,14,420,6,32.1,52.2,65.0,0,46,14.7,1,0,0,0.0,62,MID
James,Wright,0,0,0,0,0,0.0,0.0,0.0,0,0,0.0,0,0,0,0.5,40,GK
Triston,Rowe,0,0,0,0,0,0.0,0.0,0.0,0,0,0.0,0,0,0,0.1,40,DEF
Bradley,Burrowes,0,0,1,16,1,0.3,0.0,0.0,0,3,0.0,0,0,0,0.1,44,MID
Sam,Proctor,0,0,0,0,0,0.0,0.0,0.0,0,0,0.0,0,0,0,0.2,40,GK
Travis,Patterson,0,0,0,0,0,0.0,0.0,0.0,0,0,0.0,0,0,0,0.3,39,DEF
Victor,Lindelöf,0,0,3,21,0,0.4,3.0,0.0,0,9,0.4,0,0,0,0.0,45,DEF
Max,Weiß,0,0,0,0,0,0.0,0.0,0.0,0,0,0.0,0,0,0,0.1,43,GK
Etienne,Green,0,0,0,0,0,0.0,0.0,0.0,0,0,0.0,0,0,0,0.2,40,GK
Václav,Hladký,0,0,0,0,0,0.0,0.0,0.0,0,0,0.0,0,0,0,0.2,40,GK
Connor,Roberts,0,0,0,0,0,0.0,0.0,0.0,0,0,0.0,0,0,0,0.0,44,DEF
Kyle,Walker,0,1,29,990,22,52.4,189.2,14.0,3,83,25.6,2,0,3,1.6,44,DEF
Hannes,Delcroix,0,0,0,0,0,0.0,0.0,0.0,0,0,0.0,0,0,0,0.2,39,DEF
Owen,Dodgson,0,0,0,0,0,0.0,0.0,0.0,0,0,0.0,0,0,0,0.0,40,DEF
Hjalmar,Ekdal,0,0,20,533,12,26.4,130.2,61.0,1,47,21.7,1,0,0,1.1,40,DEF
Maxime,Estève,0,0,28,982,22,39.0,217.2,38.0,0,88,29.6,2,0,0,11.8,39,DEF
Quilindschy,Hartman,0,4,36,977,19,176.3,242.4,36.0,0,134,45.5,2,0,1,1.0,40,DEF
Bashir,Humphreys,0,0,0,2,2,0.0,0.2,0.0,0,-5,0.0,0,0,0,0.1,40,DEF
Jordan,Beyer,0,0,0,0,0,0.0,0.0,0.0,0,0,0.0,0,0,0,0.1,40,DEF
Lucas,Pires Silva,0,0,1,9,1,14.5,4.4,0.0,0,1,1.9,0,0,0,0.2,39,DEF
Shurandy,Sambo,0,0,0,0,0,0.0,0.0,0.0,0,0,0.0,0,0,0,0.0,40,DEF
Oliver,Sonne,0,0,3,102,4,16.4,7.6,6.0,0,-2,3.0,0,0,0,0.1,39,DEF
Axel,Tuanzebe,0,0,16,450,9,4.1,113.6,0.0,0,58,11.9,1,0,0,1.8,39,DEF
Joe,Worrall,0,0,4,19,2,0.3,11.2,0.0,0,9,1.2,0,0,0,0.2,39,DEF
Jaidon,Anthony,4,1,49,886,17,159.7,235.6,204.0,5,166,59.8,3,0,3,5.2,56,MID
Manuel,Benson Hedilazio,0,0,0,0,0,0.0,0.0,0.0,0,0,0.0,0,0,0,0.0,54,MID
Jacob,Bruun Larsen,0,1,16,411,11,59.9,49.0,60.0,0,47,16.9,1,0,0,0.0,53,MID
Enock,Agyei,0,0,0,0,0,0.0,0.0,0.0,0,0,0.0,0,0,0,0.0,48,MID
Darko,Churlinov,0,0,0,0,0,0.0,0.0,0.0,0,0,0.0,0,0,0,0.0,49,MID
Josh,Cullen,2,1,53,941,19,150.3,273.6,77.0,8,222,50.3,3,0,1,2.4,50,MID
Marcus,Edwards,0,0,3,22,1,1.4,3.2,24.0,0,8,2.6,0,0,0,0.1,47,MID
Hannibal,Mejbri,0,2,21,287,9,59.8,42.8,20.0,0,75,12.2,1,0,1,0.1,48,MID
Luca,Koleosho,0,0,0,0,0,0.0,0.0,0.0,0,0,0.0,0,0,0,0.0,50,MID
Josh,Laurent,0,0,15,557,14,24.2,71.0,32.0,0,74,12.9,0,0,1,0.0,49,MID
Loum,Tchaouna,1,1,22,435,6,35.0,58.6,44.0,0,76,13.8,1,0,1,0.0,49,MID
Aaron,Ramsey,0,0,0,0,0,0.0,0.0,0.0,0,0,0.0,0,0,0,2.0,44,MID
Oluwaseun,Adewumi,0,0,0,0,0,0.0,0.0,0.0,0,0,0.0,0,0,0,0.0,45,MID
Jaydon,Banel,0,0,0,0,0,0.0,0.0,0.0,0,0,0.0,0,0,0,0.0,45,MID
Mike,Trésor Ndayishimiye,0,0,0,0,0,0.0,0.0,0.0,0,0,0.0,0,0,0,0.1,44,MID
Zian,Flemming,3,0,25,343,5,31.2,129.8,105.0,3,109,26.1,1,0,2,0.3,53,FWD
Zeki,Amdouni,0,0,0,0,0,0.0,0.0,0.0,0,0,0.0,0,0,0,0.0,48,FWD
Lyle,Foster,2,1,28,578,12,76.5,117.2,84.0,4,114,27.4,2,0,2,1.6,50,FWD
Ashley,Barnes,0,0,1,7,0,0.3,0.2,0.0,0,3,0.1,0,0,0,1.3,43,FWD
Michael,Obafemi,0,0,0,0,0,0.0,0.0,0.0,0,0,0.0,0,0,0,0.1,44,FWD
Martin,Dúbravka,0,0,35,990,22,0.0,344.4,0.0,2,157,34.6,2,0,0,34.2,40,GK
Lesley,Ugochukwu,2,1,32,588,11,31.4,129.2,90.0,3,113,24.8,2,1,0,0.1,50,MID
Armando,Broja,0,0,5,75,6,2.4,8.4,10.0,0,14,2.2,0,0,0,0.1,52,FWD
Florentino Ibrain,Morris Luís,0,1,28,657,16,74.8,159.6,31.0,0,123,26.7,1,0,1,0.1,50,MID
Norberto,Murara Neto,0,0,0,0,0,0.0,0.0,0.0,0,0,0.0,0,0,0,0.1,45,GK
Đorđe,Petrović,0,0,40,990,18,0.0,276.4,0.0,1,164,27.7,4,0,1,5.8,45,GK
Will,Dennis,0,0,0,0,0,0.0,0.0,0.0,0,0,0.0,0,0,0,1.0,40,GK
Callan,McKenna,0,0,0,0,0,0.0,0.0,0.0,0,0,0.0,0,0,0,0.2,40,GK
Alex,Paulsen,0,0,0,0,0,0.0,0.0,0.0,0,0,0.0,0,0,0,0.1,40,GK
Illia,Zabarnyi,0,0,0,0,0,0.0,0.0,0.0,0,0,0.0,0,0,0,0.0,50,DEF
Marcos,Senesi Barón,0,2,58,977,18,91.3,350.0,31.0,6,179,47.3,4,0,3,26.2,50,DEF
Adam,Smith,0,0,9,213,3,14.0,17.8,4.0,0,31,3.6,1,0,0,0.2,44,DEF
Adrien,Truffert,0,1,45,962,16,156.6,207.8,31.0,6,160,39.5,4,0,2,2.4,45,DEF
Matai,Akinmboni,0,0,0,0,0,0.0,0.0,0.0,0,0,0.0,0,0,0,0.2,39,DEF
Owen,Bevan,0,0,0,0,0,0.0,0.0,0.0,0,0,0.0,0,0,0,0.2,39,DEF
James,Hill,0,0,17,273,3,5.3,44.0,41.0,0,61,9.1,2,0,1,0.8,40,DEF
Julián,Araujo Zúñiga,0,0,0,0,0,0.0,0.0,0.0,0,0,0.0,0,0,0,0.7,39,DEF
Chris,Mepham,0,0,0,0,0,0.0,0.0,0.0,0,0,0.0,0,0,0,0.1,40,DEF
Julio,Soler Barreto,0,0,1,1,0,0.0,0.0,0.0,0,2,0.0,0,0,0,0.2,40,DEF
Justin,Kluivert,1,0,18,392,7,112.9,71.4,49.0,1,56,23.2,1,0,2,1.0,70,MID
Antoine,Semenyo,6,4,75,990,18,162.2,336.6,297.0,9,214,79.7,4,0,2,62.4,81,MID
Marcus,Tavernier,2,1,47,856,14,225.7,180.6,149.0,6,152,55.7,5,0,0,1.8,55,MID
Tyler,Adams,1,1,37,953,17,61.0,203.8,88.0,1,185,35.4,4,0,4,0.5,50,MID
David,Brooks,0,1,21,549,8,134.4,76.8,129.0,1,94,33.4,3,0,3,0.2,50,MID
Ryan,Christie,1,1,16,226,6,33.0,69.2,53.0,0,58,15.6,0,0,1,0.1,50,MID
Lewis,Cook,0,0,5,79,3,13.1,13.8,3.0,0,23,3.1,0,0,0,0.0,49,MID
Philip,Billing,0,0,0,0,0,0.0,0.0,0.0,0,0,0.0,0,0,0,0.0,49,MID
Alex,Scott,1,1,36,727,10,111.4,136.6,52.0,2,164,30.0,4,0,1,0.3,50,MID
Luis,Sinisterra Lucumí,0,0,0,0,0,0.0,0.0,0.0,0,0,0.0,0,0,0,0.0,50,MID
Romain,Faivre,0,0,0,0,0,0.0,0.0,0.0,0,0,0.0,0,0,0,0.1,45,MID
Hamed,Traorè,0,1,4,16,2,10.0,21.2,0.0,0,12,3.1,0,0,0,0.4,45,MID
Dominic,Sadi,0,0,0,0,0,0.0,0.0,0.0,0,0,0.0,0,0,0,0.0,45,MID
Zain,Silcott-Duberry,0,0,0,0,0,0.0,0.0,0.0,0,0,0.0,0,0,0,0.1,44,MID
Ben,Winterburn,0,0,1,6,2,0.0,0.0,0.0,0,3,0.0,0,0,0,0.0,45,MID
Francisco Evanilson,de Lima Barbosa,1,1,25,721,11,120.4,59.0,190.0,2,92,36.7,3,0,1,1.4,70,FWD
Enes,Ünal,0,0,1,1,0,0.0,0.0,0.0,0,3,0.0,0,0,0,0.0,54,FWD
Daniel,Adu-Adjei,0,0,0,0,0,0.0,0.0,0.0,0,0,0.0,0,0,0,0.2,44,FWD
Junior,Kroupi,4,0,30,251,8,30.1,142.4,136.0,4,133,30.8,1,0,1,4.7,46,FWD
Ben,Gannon-Doak,0,1,7,53,1,14.0,21.2,11.0,0,22,4.7,0,0,0,0.0,49,MID
Bafodé,Diakité,0,0,30,720,13,38.3,161.4,12.0,2,109,21.3,3,0,1,0.4,45,DEF
Remy,Rees-Dottin,0,0,0,0,0,0.0,0.0,0.0,0,0,0.0,0,0,0,0.1,44,MID
Amine,Adli,0,0,8,210,5,52.1,52.8,34.0,0,38,13.8,0,0,0,0.0,54,MID
Álex,Jiménez Sánchez,0,0,8,409,10,35.0,63.8,22.0,0,43,12.1,1,0,4,0.0,45,DEF
Veljko,Milosavljevic,0,0,13,275,5,12.1,72.2,6.0,0,48,9.0,1,0,0,0.0,45,DEF
Reiss,Nelson,0,0,2,16,0,2.2,9.0,9.0,0,12,2.0,0,0,0,0.1,48,MID
Dango,Ouattara,2,2,39,640,9,60.2,108.6,250.0,4,100,41.4,2,0,2,0.6,60,MID
Caoimhín,Kelleher,0,0,32,990,17,10.0,211.2,0.0,0,129,22.2,2,0,1,7.7,45,GK
Ellery,Balcombe,0,0,0,0,0,0.0,0.0,0.0,0,0,0.0,0,0,0,0.3,40,GK
Matthew,Cox,0,0,0,0,0,0.0,0.0,0.0,0,0,0.0,0,0,0,0.1,40,GK
Julian,Eyestone,0,0,0,0,0,0.0,0.0,0.0,0,0,0.0,0,0,0,0.1,39,GK
Hákon Rafn,Valdimarsson,0,0,0,0,0,0.0,0.0,0.0,0,0,0.0,0,0,0,0.8,39,GK
Nathan,Collins,0,0,32,990,17,36.0,231.0,114.0,2,97,38.3,2,0,4,1.1,49,DEF
Keane,Lewis-Potter,0,1,21,446,9,75.8,61.8,24.0,0,61,16.2,2,0,1,0.3,49,DEF
Kristoffer,Ajer,0,2,19,388,6,14.8,82.8,91.0,0,67,19.0,1,0,0,0.2,44,DEF
Rico,Henry,0,0,6,189,6,14.5,19.0,14.0,0,11,4.6,0,0,1,0.1,43,DEF
Michael,Kayode,0,1,34,952,16,202.9,193.4,21.0,5,144,41.8,2,0,1,0.5,45,DEF
Ethan,Pinnock,0,0,0,155,4,0.8,31.8,10.0,0,1,4.3,0,0,1,0.1,43,DEF
Mads,Roerslev Rasmussen,0,0,0,0,0,0.0,0.0,0.0,0,0,0.0,0,0,0,0.0,45,DEF
Sepp,van den Berg,0,0,34,990,17,16.1,224.6,148.0,0,115,39.0,2,0,0,0.6,45,DEF
Benjamin,Arthur,0,0,0,0,0,0.0,0.0,0.0,0,0,0.0,0,0,0,0.2,39,DEF
Benjamin,Fredrick,0,0,0,0,0,0.0,0.0,0.0,0,0,0.0,0,0,0,0.1,40,DEF
Aaron,Hickey,0,0,8,253,4,5.6,24.8,29.0,0,29,6.0,0,0,1,0.3,40,DEF
Kim,Ji-soo,0,0,0,0,0,0.0,0.0,0.0,0,0,0.0,0,0,0,0.1,39,DEF
Jayden,Meghoma,0,0,0,0,0,0.0,0.0,0.0,0,0,0.0,0,0,0,0.0,40,DEF
Kevin,Schade,3,2,40,920,12,152.0,190.8,251.0,2,134,59.5,2,0,4,0.9,70,MID
Mikkel,Damsgaard,1,1,33,715,11,239.4,161.4,86.0,3,140,48.8,2,0,0,0.6,58,MID
Antoni,Milambo,0,0,1,45,3,1.8,4.0,0.0,0,5,0.6,0,0,0,0.0,52,MID
Fábio,Freitas Gouveia Carvalho,1,0,13,100,4,6.5,39.0,36.0,1,42,8.1,0,0,0,0.2,48,MID
Jordan,Henderson,0,2,29,829,12,161.3,130.6,15.0,2,143,30.6,3,0,3,0.4,50,MID
Vitaly,Janelt,0,0,10,145,2,38.0,22.8,16.0,0,30,7.6,0,0,0,0.0,49,MID
Mathias,Jensen,2,0,21,214,5,56.4,103.6,40.0,0,92,20.0,0,0,0,0.1,49,MID
Gustavo,Nunes Fernandes Gomes,0,0,0,0,0,0.0,0.0,0.0,0,0,0.0,0,0,0,0.0,49,MID
Frank,Onyeka,0,2,12,88,2,13.6,28.4,4.0,0,41,4.6,0,0,0,0.1,49,MID
Yehor,Yarmoliuk,0,1,33,868,15,101.4,141.2,43.0,0,142,28.4,2,0,1,0.1,50,MID
Romelle,Donovan,0,0,0,0,0,0.0,0.0,0.0,0,0,0.0,0,0,0,0.1,45,MID
Yunus Emre,Konak,0,0,0,0,0,0.0,0.0,0.0,0,0,0.0,0,0,0,0.2,44,MID
Paris,Maghoma,0,0,0,0,0,0.0,0.0,0.0,0,0,0.0,0,0,0,0.0,45,MID
Myles,Peart-Harris,0,0,0,0,0,0.0,0.0,0.0,0,0,0.0,0,0,0,0.0,44,MID
Ryan,Trevitt,0,0,0,0,0,0.0,0.0,0.0,0,0,0.0,0,0,0,0.0,45,MID
Igor Thiago,Nascimento Rodrigues,8,0,60,921,16,93.5,343.4,363.0,9,241,80.0,2,0,3,11.7,63,FWD
Iwan,Morgan,0,0,0,0,0,0.0,0.0,0.0,0,0,0.0,0,0,0,0.4,44,FWD
Josh,Dasilva,0,0,0,0,0,0.0,0.0,0.0,0,0,0.0,0,0,0,0.0,50,MID
Jason,Steele,0,0,0,0,0,0.0,0.0,0.0,0,0,0.0,0,0,0,0.3,43,GK
Bart,Verbruggen,0,0,26,990,15,10.0,218.8,0.0,0,148,22.8,2,0,0,4.0,44,GK
Tom,McGill,0,0,0,0,0,0.0,0.0,0.0,0,0,0.0,0,0,0,0.3,40,GK
Carl,Rushworth,0,0,0,0,0,0.0,0.0,0.0,0,0,0.0,0,0,0,0.0,40,GK
Kjell,Scherpen,0,0,0,0,0,0.0,0.0,0.0,0,0,0.0,0,0,0,0.0,40,GK
Olivier,Boscagli,0,0,0,0,0,0.0,0.0,0.0,0,0,0.0,0,0,0,0.1,43,DEF
Diego,Coppola,0,0,3,17,1,0.1,7.8,0.0,0,6,0.8,0,0,0,0.1,43,DEF
Maxim,De Cuyper,1,0,16,411,8,84.9,84.0,73.0,1,64,24.3,0,0,1,1.8,43,DEF
Lewis,Dunk,0,1,29,990,15,23.9,168.6,49.0,0,138,24.3,2,0,3,1.1,45,DEF
Pervis,Estupiñán Tenorio,0,0,0,0,0,0.0,0.0,0.0,0,0,0.0,0,0,0,0.0,45,DEF
Ferdi,Kadıoğlu,0,0,22,734,11,76.7,116.4,45.0,0,99,24.0,2,0,3,0.2,44,DEF
Tariq,Lamptey,0,0,0,0,0,0.0,0.0,0.0,0,0,0.0,0,0,0,0.1,44,DEF
Jan Paul,van Hecke,1,0,40,990,15,43.3,320.4,101.0,4,152,46.6,2,0,3,1.4,44,DEF
Joël,Veltman,0,0,7,339,6,20.5,69.2,6.0,0,28,9.7,0,0,3,0.1,43,DEF
Adam,Webster,0,0,0,0,0,0.0,0.0,0.0,0,0,0.0,0,0,0,0.0,44,DEF
Eiran,Cashin,0,0,0,0,0,0.0,0.0,0.0,0,0,0.0,0,0,0,0.0,40,DEF
Jacob,Slater,0,0,0,0,0,0.0,0.0,0.0,0,0,0.0,0,0,0,0.1,40,DEF
Charlie,Tasker,0,0,0,0,0,0.0,0.0,0.0,0,0,0.0,0,0,0,0.1,39,DEF
Mitoma,Kaoru,1,1,20,508,8,95.8,88.4,88.0,0,64,26.9,1,0,1,2.0,62,MID
Georginio,Rutter,0,3,30,678,7,112.4,97.6,101.0,1,88,31.1,4,0,2,0.4,57,MID
Solly,March,0,0,0,0,0,0.0,0.0,0.0,0,0,0.0,0,0,0,0.0,58,MID
Yankuba,Minteh,1,5,50,949,13,245.8,193.0,248.0,3,193,68.9,3,0,0,5.0,60,MID
Julio,Enciso Espínola,0,0,0,0,0,0.0,0.0,0.0,0,0,0.0,0,0,0,0.0,54,MID
Brajan,Gruda,1,1,19,218,3,56.3,74.0,94.0,2,56,22.4,0,0,0,0.0,54,MID
Jack,Hinshelwood,0,0,4,107,2,2.0,9.4,0.0,0,22,1.2,0,0,0,0.0,51,MID
Matt,O'Riley,1,0,12,177,2,66.6,60.8,63.0,2,36,19.0,1,0,0,0.4,55,MID
Abdallah,Sima,0,0,0,0,0,0.0,0.0,0.0,0,0,0.0,0,0,0,0.0,54,MID
Yasin,Ayari,1,0,29,871,12,134.3,130.4,107.0,2,164,37.2,2,0,0,0.3,49,MID
Carlos,Baleba,0,0,16,644,7,47.6,27.6,10.0,0,71,8.4,4,0,4,2.0,47,MID
Diego,Gómez Amarilla,2,0,28,538,7,119.0,168.0,176.0,3,129,46.5,2,0,2,0.3,49,MID
James,Milner,1,1,15,187,7,71.2,79.6,17.0,0,66,16.8,0,0,1,0.1,49,MID
Jeremy,Sarmiento Morante,0,0,0,0,0,0.0,0.0,0.0,0,0,0.0,0,0,0,0.0,49,MID
Tom,Watson,0,0,2,40,2,1.3,5.6,7.0,0,9,1.4,0,0,0,0.0,49,MID
Mats,Wieffer,0,3,36,639,8,110.8,166.6,57.0,2,154,33.5,2,0,3,0.4,49,MID
Malick,Yalcouyé,0,0,0,0,0,0.0,0.0,0.0,0,0,0.0,0,0,0,0.0,50,MID
Joe,Knight,0,0,1,1,0,0.0,0.0,0.0,0,3,0.0,0,0,0,0.1,45,MID
Adrian,Mazilu,0,0,0,0,0,0.0,0.0,0.0,0,0,0.0,0,0,0,0.0,45,MID
Andrew,Moran,0,0,0,0,0,0.0,0.0,0.0,0,0,0.0,0,0,0,0.0,45,MID
Danny,Welbeck,6,0,45,709,13,114.1,226.4,190.0,6,196,52.7,2,0,2,9.2,65,FWD
Evan,Ferguson,0,0,0,0,0,0.0,0.0,0.0,0,0,0.0,0,0,0,0.0,55,FWD
Stefanos,Tzimas,0,1,10,84,2,61.2,28.4,25.0,0,28,11.5,0,0,0,0.1,53,FWD
Charalampos,Kostoulas,1,0,8,29,1,0.9,37.2,44.0,0,39,8.2,0,0,0,0.3,48,FWD
Nehemiah,Oriola,0,0,1,1,0,0.0,0.0,0.0,0,3,0.0,0,0,0,0.0,45,MID
Facundo,Buonanotte,0,0,1,45,1,25.1,5.6,8.0,0,4,3.9,0,0,0,0.1,47,MID
Robert,Lynch Sánchez,0,0,37,904,11,20.0,158.4,0.0,1,143,17.7,5,1,1,13.7,48,GK
Filip,Jörgensen,0,0,1,84,2,0.0,9.4,0.0,0,4,0.9,0,0,0,0.2,43,GK
Mike,Penders,0,0,0,0,0,0.0,0.0,0.0,0,0,0.0,0,0,0,0.0,40,GK
Gabriel,Słonina,0,0,0,0,0,0.0,0.0,0.0,0,0,0.0,0,0,0,0.1,39,GK
Marc,Cucurella Saseta,0,2,49,896,10,211.7,202.0,72.0,5,224,48.6,5,0,2,22.4,61,DEF
Reece,James,1,3,46,706,9,219.1,200.4,54.0,4,190,47.4,3,0,2,8.6,56,DEF
Trevoh,Chalobah,2,1,55,840,10,52.0,254.8,85.0,2,207,39.1,5,1,2,8.2,51,DEF
Levi,Samuels Colwill,0,0,0,0,0,0.0,0.0,0.0,0,0,0.0,0,0,0,0.1,48,DEF
Malo,Gusto,1,1,39,549,5,105.6,113.6,59.0,3,140,27.7,4,1,0,1.3,49,DEF
Benoît,Badiashile Mukinayi,0,0,0,65,2,1.7,16.0,0.0,0,3,1.8,0,0,1,0.0,44,DEF
Wesley,Fofana,0,0,15,307,3,7.9,54.6,10.0,0,72,7.3,2,0,0,0.2,44,DEF
Mamadou,Sarr,0,0,0,0,0,0.0,0.0,0.0,0,0,0.0,0,0,0,0.0,45,DEF
Tosin,Adarabioyo,0,0,14,377,6,6.5,104.6,11.0,0,60,12.2,1,0,1,0.4,42,DEF
Josh,Acheampong,1,0,27,348,5,8.5,88.4,60.0,5,90,15.8,2,0,0,2.1,39,DEF
Aarón,Anselmino,0,0,0,0,0,0.0,0.0,0.0,0,0,0.0,0,0,0,0.1,40,DEF
Cole,Palmer,1,0,11,144,2,19.2,44.4,65.0,1,36,12.9,1,0,0,8.9,103,MID
Pedro,Lomba Neto,3,2,52,829,6,270.4,216.2,171.0,5,207,65.9,5,0,0,5.8,71,MID
Enzo,Fernández,3,2,48,880,11,263.8,233.0,271.0,3,198,76.9,4,0,2,13.5,67,MID
Estêvão,Almeida de Oliveira Gonçalves,1,3,29,337,2,112.4,103.0,166.0,2,98,38.1,2,0,2,2.7,65,MID
Jamie,Bynoe-Gittens,0,0,9,248,2,77.4,34.2,51.0,0,28,16.2,0,0,0,0.1,61,MID
Christopher,Nkunku,0,0,0,0,0,0.0,0.0,0.0,0,0,0.0,0,0,0,0.1,59,MID
Moisés,Caicedo Corozo,3,1,60,945,11,132.8,306.2,59.0,9,253,49.7,4,0,2,23.6,61,MID
Tyrique,George,0,0,4,142,2,7.0,8.2,56.0,0,2,7.1,1,0,2,0.1,49,MID
Roméo,Lavia,0,0,4,105,3,7.5,9.6,2.0,0,22,1.8,0,0,0,0.0,49,MID
Mykhailo,Mudryk,0,0,0,0,0,0.0,0.0,0.0,0,0,0.0,0,0,0,0.0,49,MID
Andrey,Nascimento dos Santos,0,0,7,227,2,44.1,26.6,42.0,0,30,11.3,0,0,2,0.3,45,MID
Dário,Luís Essugo,0,0,0,0,0,0.0,0.0,0.0,0,0,0.0,0,0,0,0.1,43,MID
Kendry,Páez Andrade,0,0,0,0,0,0.0,0.0,0.0,0,0,0.0,0,0,0,0.0,45,MID
João Pedro,Junqueira de Jesus,4,3,59,929,9,211.2,275.4,282.0,12,248,76.4,5,0,0,48.6,75,FWD
Liam,Delap,0,0,6,154,1,7.7,11.0,55.0,0,21,6.9,1,0,0,1.0,62,FWD
Nicolas,Jackson,0,0,0,0,0,0.0,0.0,0.0,0,0,0.0,0,0,0,0.1,65,FWD
Marc,Guiu Paz,0,0,7,162,2,4.3,1.0,60.0,0,-1,4.9,0,0,0,7.0,42,FWD
Alejandro,Garnacho Ferreyra,1,2,24,342,3,90.4,95.4,147.0,2,99,33.3,2,0,0,1.1,64,MID
Jorrel,Hato,0,0,3,166,2,3.3,24.0,6.0,0,5,3.2,0,0,2,0.2,47,DEF
Landon,Emenalo,0,0,0,0,0,0.0,0.0,0.0,0,0,0.0,0,0,0,0.0,45,MID
Dean,Henderson,0,0,45,990,9,10.0,214.4,0.0,2,192,22.2,5,0,1,7.9,50,GK
Walter,Benítez,0,0,0,0,0,0.0,0.0,0.0,0,0,0.0,0,0,0,0.3,40,GK
Remi,Matthews,0,0,0,0,0,0.0,0.0,0.0,0,0,0.0,0,0,0,0.1,39,GK
Daniel,Muñoz Mejía,1,3,60,990,9,111.1,229.8,173.0,2,205,51.2,5,0,3,17.1,58,DEF
Maxence,Lacroix,0,1,56,990,9,31.7,234.8,58.0,2,202,32.3,5,0,1,4.0,50,DEF
Tyrick,Mitchell,1,0,55,990,9,160.7,238.0,81.0,5,212,48.0,5,0,2,2.4,50,DEF
Borna,Sosa,0,0,1,1,0,0.0,0.0,0.0,0,3,0.0,0,0,0,0.1,48,DEF
Marc,Guéhi,1,3,64,900,9,88.1,244.0,103.0,5,214,43.5,4,0,0,33.8,51,DEF
Chris,Richards,0,0,52,990,9,49.3,262.2,42.0,0,196,35.5,5,0,0,3.6,45,DEF
Chadi,Riad Dnanou,0,0,0,0,0,0.0,0.0,0.0,0,0,0.0,0,0,0,0.0,40,DEF
Nathaniel,Clyne,0,0,1,4,0,0.5,3.4,0.0,0,5,0.4,0,0,0,0.4,39,DEF
Rob,Holding,0,0,0,0,0,0.0,0.0,0.0,0,0,0.0,0,0,0,0.0,40,DEF
Caleb,Kporha,0,0,0,0,0,0.0,0.0,0.0,0,0,0.0,0,0,0,0.0,40,DEF
Ismaïla,Sarr,3,1,46,792,6,105.5,185.6,175.0,6,143,46.7,5,0,1,13.3,67,MID
Cheick,Doucouré,0,0,0,0,0,0.0,0.0,0.0,0,0,0.0,0,0,0,0.0,49,MID
Romain,Esse,0,0,1,24,0,0.4,4.6,2.0,0,6,0.7,0,0,0,0.1,47,MID
Will,Hughes,0,0,14,446,3,99.7,58.2,24.0,0,54,18.2,3,0,3,0.1,48,MID
Daichi,Kamada,0,2,32,758,7,111.7,80.8,58.0,0,133,25.0,4,0,0,0.2,50,MID
Jefferson,Lerma Solís,0,2,21,360,2,56.9,62.0,60.0,1,68,17.9,3,0,2,0.1,49,MID
Adam,Wharton,0,1,26,696,8,224.8,93.8,15.0,2,136,33.2,3,0,1,0.4,50,MID
Asher,Agbinone,0,0,0,0,0,0.0,0.0,0.0,0,0,0.0,0,0,0,0.1,44,MID
Naouirou,Ahamada,0,0,0,0,0,0.0,0.0,0.0,0,0,0.0,0,0,0,0.0,44,MID
Justin,Devenny,0,0,9,157,3,31.4,16.2,73.0,0,33,12.1,0,0,0,1.2,43,MID
Malcolm,Ebiowei,0,0,0,0,0,0.0,0.0,0.0,0,0,0.0,0,0,0,0.0,45,MID
Jesurun,Rak-Sakyi,0,0,0,0,0,0.0,0.0,0.0,0,0,0.0,0,0,0,0.0,44,MID
Matheus,França de Oliveira,0,0,0,0,0,0.0,0.0,0.0,0,0,0.0,0,0,0,0.0,45,MID
David,Ozoh,0,0,0,0,0,0.0,0.0,0.0,0,0,0.0,0,0,0,0.0,45,MID
Kaden,Rodney,0,0,0,0,0,0.0,0.0,0.0,0,0,0.0,0,0,0,0.0,45,MID
Franco,Umeh-Chibueze,0,0,0,0,0,0.0,0.0,0.0,0,0,0.0,0,0,0,0.0,45,MID
Jean-Philippe,Mateta,6,0,50,959,7,67.5,271.8,413.0,6,191,75.3,6,0,2,29.7,81,FWD
Eddie,Nketiah,1,0,8,107,4,45.9,43.6,58.0,0,39,14.8,0,0,1,0.3,54,FWD
Odsonne,Édouard,0,0,1,2,0,0.0,2.0,0.0,0,6,0.2,0,0,0,0.2,50,FWD
Zach,Marsh,0,0,0,0,0,0.0,0.0,0.0,0,0,0.0,0,0,0,0.3,45,FWD
Rio,Cardines,0,0,0,0,0,0.0,0.0,0.0,0,0,0.0,0,0,0,0.4,44,MID
Yéremy,Pino Santos,0,0,15,529,4,134.3,52.2,94.0,0,62,27.8,3,0,2,0.1,58,MID
Jaydee,Canvot,0,0,11,91,0,0.9,30.4,8.0,2,34,4.0,1,0,0,0.0,45,DEF
Christantus,Uche,0,0,3,8,1,0.8,3.4,19.0,0,12,2.3,0,0,0,0.0,55,FWD
Kiernan,Dewsbury-Hall,1,2,35,885,12,271.1,144.6,86.0,4,165,50.2,3,0,5,2.8,49,MID
Jordan,Pickford,0,0,42,990,13,0.1,282.2,0.0,3,171,28.2,3,0,0,9.5,55,GK
Mark,Travers,0,0,0,0,0,0.0,0.0,0.0,0,0,0.0,0,0,0,0.1,44,GK
Harry,Tyrer,0,0,0,0,0,0.0,0.0,0.0,0,0,0.0,0,0,0,0.1,39,GK
Jarrad,Branthwaite,0,0,0,0,0,0.0,0.0,0.0,0,0,0.0,0,0,0,0.2,53,DEF
James,Tarkowski,0,0,43,990,13,74.4,260.4,70.0,1,157,40.6,3,0,2,5.8,54,DEF
Vitalii,Mykolenko,0,0,17,715,12,62.0,120.8,28.0,0,55,21.0,1,0,1,0.4,49,DEF
Jake,O'Brien,0,0,28,868,12,74.3,141.0,48.0,1,92,26.5,2,0,0,0.4,49,DEF
Séamus,Coleman,0,0,2,2,0,0.0,0.0,0.0,0,7,0.0,0,0,0,0.1,43,DEF
Michael,Keane,2,0,56,964,13,20.2,293.4,105.0,4,155,41.8,3,0,0,1.3,45,DEF
Nathan,Patterson,0,0,0,0,0,0.0,0.0,0.0,0,0,0.0,0,0,0,0.0,44,DEF
Roman,Dixon,0,0,0,0,0,0.0,0.0,0.0,0,0,0.0,0,0,0,0.2,39,DEF
Reece,Welch,0,0,0,0,0,0.0,0.0,0.0,0,0,0.0,0,0,0,0.1,39,DEF
Iliman,Ndiaye,4,1,55,914,13,193.3,278.8,202.0,3,223,67.5,3,0,2,11.9,66,MID
Dwight,McNeil,0,0,3,51,0,11.7,1.6,8.0,0,7,2.0,0,0,0,0.1,55,MID
Carlos,Alcaraz Durán,0,0,8,242,4,24.3,23.2,51.0,0,36,9.8,0,0,2,0.1,52,MID
Idrissa Gana,Gueye,2,0,42,949,11,107.1,174.4,110.0,3,203,39.2,3,0,0,0.1,54,MID
James,Garner,1,1,42,990,13,196.5,239.4,95.0,5,225,53.1,3,0,4,0.8,50,MID
Tim,Iroegbunam,0,2,18,337,1,20.6,67.0,13.0,0,61,10.1,4,0,4,0.0,49,MID
Harrison,Armstrong,0,0,1,1,0,0.0,0.0,0.0,0,3,0.0,0,0,0,0.1,45,MID
Callum,Bates,0,0,0,0,0,0.0,0.0,0.0,0,0,0.0,0,0,0,0.1,44,MID
Coby,Ebere,0,0,0,0,0,0.0,0.0,0.0,0,0,0.0,0,0,0,0.0,44,MID
Isaac,Heath,0,0,0,0,0,0.0,0.0,0.0,0,0,0.0,0,0,0,0.0,45,MID
Jenson,Metcalfe,0,0,0,0,0,0.0,0.0,0.0,0,0,0.0,0,0,0,0.0,45,MID
Thierno,Barry,0,0,12,380,4,34.3,15.0,56.0,0,7,9.3,2,0,1,0.3,57,FWD
Norberto Bercique,Gomes Betuncal,1,0,21,606,9,47.9,78.6,217.0,1,48,33.3,1,0,1,3.1,52,FWD
Youssef,Ramalho Chermiti,0,0,0,0,0,0.0,0.0,0.0,0,0,0.0,0,0,0,0.1,49,FWD
Martin,Sherif,0,0,0,0,0,0.0,0.0,0.0,0,0,0.0,0,0,0,0.1,44,FWD
Jack,Grealish,1,4,43,826,11,317.5,244.6,244.0,7,218,80.7,3,0,3,15.8,68,MID
Tom,King,0,0,0,0,0,0.0,0.0,0.0,0,0,0.0,0,0,0,1.4,39,GK
Adam,Aznou,0,0,0,0,0,0.0,0.0,0.0,0,0,0.0,0,0,0,0.1,43,DEF
Tyler,Onyango,0,0,0,0,0,0.0,0.0,0.0,0,0,0.0,0,0,0,0.1,45,MID
Elijah,Campbell,0,0,0,0,0,0.0,0.0,0.0,0,0,0.0,0,0,0,0.2,39,DEF
Tyler,Dibling,0,0,3,62,1,1.1,3.0,2.0,0,7,0.5,0,0,1,0.0,54,MID
Merlin,Röhl,0,0,4,91,1,13.3,11.4,7.0,0,10,3.2,0,0,0,0.0,50,MID
Bernd,Leno,0,0,34,990,16,0.0,265.4,0.0,2,149,26.5,2,0,1,1.5,50,GK
Steven,Benda,0,0,0,0,0,0.0,0.0,0.0,0,0,0.0,0,0,0,0.0,40,GK
Antonee,Robinson,0,0,3,61,0,22.8,13.6,4.0,0,12,4.1,0,0,0,0.5,49,DEF
Joachim,Andersen,0,0,39,851,13,31.3,232.6,47.0,2,140,31.1,2,0,0,2.9,45,DEF
Calvin,Bassey,0,0,28,908,15,28.5,166.8,13.0,3,103,20.9,2,0,3,0.6,45,DEF
Timothy,Castagne,0,0,10,397,10,52.5,68.8,37.0,0,32,15.8,0,0,0,0.1,44,DEF
Issa,Diop,0,0,4,223,5,1.7,34.0,4.0,0,9,4.0,0,0,1,0.1,44,DEF
Jorge,Cuenca Barreno,0,0,7,168,2,4.6,40.6,6.0,0,25,5.1,0,0,0,0.0,44,DEF
Kenny,Tete,0,0,26,720,9,69.9,149.6,43.0,0,127,26.3,2,0,1,0.2,45,DEF
Samuel,Amissah,0,0,0,0,0,0.0,0.0,0.0,0,0,0.0,0,0,0,0.1,39,DEF
Alex,Iwobi,1,2,40,899,15,300.3,176.4,98.0,5,175,57.5,2,0,2,1.5,65,MID
Emile,Smith Rowe,1,0,16,216,2,58.0,57.4,64.0,0,53,18.0,0,0,0,0.4,56,MID
Adama,Traoré Diarra,0,0,11,242,6,58.9,19.0,55.0,0,41,12.9,0,0,0,0.2,52,MID
Andreas,Hoelgebaum Pereira,0,0,0,0,0,0.0,0.0,0.0,0,0,0.0,0,0,0,0.1,53,MID
Ryan,Sessegnon,2,2,47,836,15,89.1,201.8,100.0,5,168,39.0,2,0,0,0.8,54,MID
Harry,Wilson,2,1,34,652,7,129.3,131.6,135.0,4,132,39.5,2,0,1,0.4,52,MID
Sander,Berge,0,1,27,958,16,111.9,119.4,29.0,0,148,26.1,2,0,2,0.1,49,MID
Tom,Cairney,0,0,8,196,5,35.1,14.6,22.0,0,31,7.3,0,0,1,0.0,49,MID
Saša,Lukić,1,2,27,677,10,219.7,125.2,71.0,2,125,41.5,1,0,5,0.1,50,MID
Martial,Godo,0,0,0,0,0,0.0,0.0,0.0,0,0,0.0,0,0,0,0.0,45,MID
Luke,Harris,0,0,0,0,0,0.0,0.0,0.0,0,0,0.0,0,0,0,0.0,45,MID
Josh,King,0,0,19,659,11,79.1,71.8,134.0,0,80,27.8,2,0,2,4.0,45,MID
Harrison,Reed,0,0,0,0,0,0.0,0.0,0.0,0,0,0.0,0,0,0,0.3,43,MID
Raúl,Jiménez Rodríguez,1,2,25,449,5,49.4,77.6,157.0,1,84,27.7,1,0,0,0.9,62,FWD
Rodrigo,Muniz Carvalho,1,1,17,348,4,42.0,61.8,122.0,3,47,22.2,1,0,1,1.0,54,FWD
Benjamin,Lecomte,0,0,0,0,0,0.0,0.0,0.0,0,0,0.0,0,0,0,0.7,39,GK
Samuel,Chukwueze,0,1,7,77,4,26.7,21.2,39.0,0,19,8.7,0,0,0,0.0,53,MID
Kevin,Santos Lopes de Macedo,0,0,10,314,6,69.4,58.2,47.0,0,41,17.5,1,0,1,0.1,59,MID
Jonah,Kusi-Asare,0,0,1,1,0,0.0,0.0,0.0,0,2,0.0,0,0,0,0.1,45,FWD
Illan,Meslier,0,0,0,0,0,0.0,0.0,0.0,0,0,0.0,0,0,0,0.4,43,GK
Alex,Cairns,0,0,0,0,0,0.0,0.0,0.0,0,0,0.0,0,0,0,0.2,40,GK
Karl,Darlow,0,0,10,450,8,0.0,105.0,0.0,0,55,10.5,0,0,0,2.2,40,GK
Jayden,Bogle,0,1,28,958,19,68.0,137.4,77.0,0,69,28.3,2,0,2,0.2,45,DEF
Pascal,Struijk,0,0,25,728,14,31.2,156.0,59.0,2,92,24.7,2,0,1,0.3,44,DEF
Jaka,Bijol,0,0,6,261,6,11.6,54.2,2.0,0,29,6.8,0,0,0,0.2,39,DEF
Sebastiaan,Bornauw,0,0,0,0,0,0.0,0.0,0.0,0,0,0.0,0,0,0,0.1,39,DEF
Sam,Byram,0,0,1,7,1,0.0,0.0,0.0,0,-2,0.0,0,0,0,0.2,39,DEF
Gabriel,Gudmundsson,0,0,27,911,18,176.7,179.4,55.0,6,103,41.1,2,0,1,4.5,40,DEF
Joe,Rodon,2,0,46,990,20,30.6,298.0,126.0,5,153,45.5,2,0,0,6.4,41,DEF
Isaac,Schmidt,0,0,0,0,0,0.0,0.0,0.0,0,0,0.0,0,0,0,0.1,40,DEF
Brenden,Aaronson,1,3,41,709,11,159.5,152.0,154.0,3,156,46.6,2,0,1,0.2,54,MID
Wilfried,Gnonto,0,0,6,191,5,21.4,15.8,16.0,0,27,5.3,1,0,1,0.1,52,MID
Jack,Harrison,0,0,11,261,5,49.4,30.0,35.0,0,48,11.5,0,0,0,0.1,52,MID
Daniel,James,0,0,11,284,9,83.1,26.4,47.0,0,41,15.7,1,0,0,0.1,53,MID
Ethan,Ampadu,0,0,24,787,15,74.6,124.2,21.0,0,125,22.1,1,0,3,0.1,49,MID
Sam,Greenwood,0,0,0,0,0,0.0,0.0,0.0,0,0,0.0,0,0,0,0.0,49,MID
Ilia,Gruev,0,0,7,211,6,8.9,25.0,2.0,0,42,3.6,1,0,1,0.0,48,MID
Largie,Ramazani,0,0,0,0,0,0.0,0.0,0.0,0,0,0.0,0,0,0,0.0,49,MID
Tanaka,Ao,0,0,13,320,6,62.4,19.8,10.0,0,51,9.0,2,0,0,0.1,48,MID
Charlie,Crew,0,0,0,0,0,0.0,0.0,0.0,0,0,0.0,0,0,0,0.0,45,MID
Joe,Gelhardt,0,0,0,0,0,0.0,0.0,0.0,0,0,0.0,0,0,0,0.0,45,MID
Darko,Gyabi,0,0,0,0,0,0.0,0.0,0.0,0,0,0.0,0,0,0,0.0,45,MID
Joël,Piroe,0,0,6,178,5,16.7,5.4,77.0,0,14,9.6,1,0,0,0.4,50,FWD
Patrick,Bamford,0,0,0,0,0,0.0,0.0,0.0,0,0,0.0,0,0,0,0.4,49,FWD
Mateo,Joseph Fernández-Regatillo,0,0,0,0,0,0.0,0.0,0.0,0,0,0.0,0,0,0,0.0,50,FWD
Lukas,Nmecha,2,0,23,272,8,13.7,85.2,103.0,2,76,20.1,1,0,0,0.6,50,FWD
Sean,Longstaff,1,2,38,787,13,296.2,215.6,50.0,4,203,56.2,1,0,1,1.0,49,MID
Anton,Stach,1,2,40,798,18,235.3,159.2,101.0,3,149,49.6,2,0,1,2.0,49,MID
Lucas Estella,Perri,0,0,17,540,12,0.0,109.6,0.0,0,60,10.9,2,0,1,0.2,45,GK
Dominic,Calvert-Lewin,1,1,25,614,9,111.6,62.8,197.0,2,63,36.6,2,0,0,1.0,55,FWD
Noah,Okafor,2,1,29,515,11,74.9,116.8,121.0,3,98,31.3,1,0,2,0.2,55,MID
James,Justin,0,0,4,77,1,1.1,15.4,2.0,0,15,1.8,0,0,1,0.2,39,DEF
Harry,Gray,0,0,0,0,0,0.0,0.0,0.0,0,0,0.0,0,0,0,0.1,45,FWD
Alisson,Becker,0,0,20,540,7,0.1,106.8,0.0,2,95,10.7,2,0,0,5.4,54,GK
Giorgi,Mamardashvili,0,0,19,450,10,0.0,140.0,0.0,0,70,13.9,1,0,0,1.2,43,GK
Ármin,Pécsi,0,0,0,0,0,0.0,0.0,0.0,0,0,0.0,0,0,0,0.4,39,GK
Freddie,Woodman,0,0,0,0,0,0.0,0.0,0.0,0,0,0.0,0,0,0,0.2,39,GK
Jeremie,Frimpong,0,1,7,83,1,17.3,19.4,29.0,0,29,6.6,0,0,0,5.0,57,DEF
Milos,Kerkez,1,0,21,694,12,89.5,142.6,63.0,0,86,29.6,1,0,3,3.3,57,DEF
Andrew,Robertson,0,0,11,291,5,102.6,68.4,47.0,2,57,21.9,1,0,0,1.0,58,DEF
Virgil,van Dijk,0,0,41,990,17,45.8,317.2,62.0,4,150,42.4,3,0,2,24.2,59,DEF
Ibrahima,Konaté,0,0,39,922,15,73.1,229.0,33.0,3,142,33.6,3,0,2,2.8,54,DEF
Conor,Bradley,0,1,15,529,11,62.8,75.6,33.0,0,48,17.0,1,0,4,0.4,50,DEF
Joe,Gomez,0,0,4,43,1,0.8,14.6,6.0,0,9,2.0,0,0,0,0.1,49,DEF
Konstantinos,Tsimikas,0,0,0,0,0,0.0,0.0,0.0,0,0,0.0,0,0,0,0.1,48,DEF
Amara,Nallo,0,0,0,0,0,0.0,0.0,0.0,0,0,0.0,0,0,0,0.4,38,DEF
Rhys,Williams,0,0,0,0,0,0.0,0.0,0.0,0,0,0.0,0,0,0,0.3,38,DEF
Calvin,Ramsay,0,0,0,0,0,0.0,0.0,0.0,0,0,0.0,0,0,0,0.3,38,DEF
Mohamed,Salah,4,2,54,984,17,300.3,229.8,308.0,4,167,83.8,3,0,1,23.8,142,MID
Florian,Wirtz,0,0,19,686,12,230.0,75.8,137.0,0,93,44.3,2,0,1,7.1,80,MID
Luis,Díaz Marulanda,0,0,0,0,0,0.0,0.0,0.0,0,0,0.0,0,0,0,0.0,80,MID
Cody,Gakpo,3,2,46,829,14,293.1,195.8,273.0,2,174,76.3,3,0,0,13.1,75,MID
Federico,Chiesa,2,1,20,117,3,16.7,98.0,62.0,0,76,17.7,0,0,1,0.3,64,MID
Alexis,Mac Allister,0,2,25,637,8,137.8,100.6,46.0,0,126,28.5,2,0,1,1.2,63,MID
Dominik,Szoboszlai,1,1,44,990,17,295.8,254.8,120.0,7,216,67.1,3,0,4,5.5,66,MID
Curtis,Jones,0,1,13,338,9,66.3,59.0,33.0,0,82,15.8,0,0,1,0.1,54,MID
Ryan,Gravenberch,3,2,52,781,11,126.8,229.0,65.0,10,215,42.1,3,0,2,4.9,56,MID
Endo,Wataru,0,1,6,36,3,10.9,28.8,0.0,0,20,3.9,0,0,1,0.1,49,MID
Stefan,Bajčetić Maquieira,0,0,0,0,0,0.0,0.0,0.0,0,0,0.0,0,0,0,0.0,43,MID
James,McConnell,0,0,0,0,0,0.0,0.0,0.0,0,0,0.0,0,0,0,0.0,44,MID
Tyler,Morton,0,0,0,0,0,0.0,0.0,0.0,0,0,0.0,0,0,0,0.0,45,MID
Trey,Nyoni,0,0,0,0,0,0.0,0.0,0.0,0,0,0.0,0,0,0,0.6,43,MID
Darwin,Núñez Ribeiro,0,0,0,0,0,0.0,0.0,0.0,0,0,0.0,0,0,0,0.1,65,FWD
Jayden,Danns,0,0,0,0,0,0.0,0.0,0.0,0,0,0.0,0,0,0,0.1,44,FWD
Alexander,Isak,0,1,10,250,3,21.5,21.8,50.0,0,19,8.7,0,0,0,4.6,104,FWD
Hugo,Ekitiké,3,1,39,630,10,82.8,155.6,136.0,7,127,36.6,3,0,0,15.5,86,FWD
Rio,Ngumoha,1,0,9,30,1,22.7,39.2,25.0,0,37,8.8,0,0,0,0.5,45,MID
Giovanni,Leoni,0,0,0,0,0,0.0,0.0,0.0,0,0,0.0,0,0,0,0.0,49,DEF
Kieran,Morrison,0,0,0,0,0,0.0,0.0,0.0,0,0,0.0,0,0,0,0.0,45,MID
James,Trafford,0,0,11,270,4,0.0,100.2,0.0,0,62,10.1,1,0,0,1.1,46,GK
Ederson,Santana de Moraes,0,0,0,0,0,0.0,0.0,0.0,0,0,0.0,0,0,0,0.9,53,GK
Stefan,Ortega Moreno,0,0,0,0,0,0.0,0.0,0.0,0,0,0.0,0,0,0,0.2,48,GK
Marcus,Bettinelli,0,0,0,0,0,0.0,0.0,0.0,0,0,0.0,0,0,0,0.1,40,GK
Rayan,Aït-Nouri,0,0,11,203,2,27.5,44.0,7.0,1,38,7.8,1,0,1,4.7,57,DEF
Joško,Gvardiol,0,1,34,609,4,47.4,133.0,33.0,3,135,21.3,3,0,0,5.1,58,DEF
Manuel,Akanji,0,0,0,0,0,0.0,0.0,0.0,0,0,0.0,0,0,0,0.3,54,DEF
Nathan,Aké,0,0,10,201,3,24.9,37.4,13.0,0,42,7.6,1,0,0,0.6,53,DEF
Abdukodir,Khusanov,0,0,11,227,1,5.2,42.4,0.0,0,46,4.8,1,0,1,0.3,54,DEF
Matheus,Nunes,1,2,45,693,5,87.9,178.4,26.0,4,178,29.3,3,0,1,0.9,53,DEF
Rúben,dos Santos Gato Alves Dias,0,0,45,905,7,34.9,210.6,14.0,1,192,26.0,5,0,0,4.4,55,DEF
John,Stones,0,0,11,324,6,19.3,69.6,2.0,0,46,9.1,1,0,0,0.7,54,DEF
Rico,Lewis,0,1,15,172,3,32.2,47.2,15.0,2,50,9.4,1,0,0,1.6,48,DEF
Nico,O'Reilly,1,2,51,683,3,129.8,208.8,79.0,2,179,41.8,5,0,2,2.5,50,DEF
Vitor,de Oliveira Nunes dos Reis,0,0,0,0,0,0.0,0.0,0.0,0,0,0.0,0,0,0,0.0,50,DEF
Omar,Marmoush,0,1,12,178,3,37.4,38.2,67.0,2,45,14.2,0,0,0,2.6,83,MID
Phil,Foden,1,1,31,711,3,352.1,141.6,103.0,2,165,59.7,5,0,3,4.5,80,MID
Sávio,Moreira de Oliveira,0,1,16,388,3,83.5,57.4,136.0,0,60,27.6,2,0,1,0.5,69,MID
Bernardo,Mota Veiga de Carvalho e Silva,0,2,25,640,4,178.6,106.8,24.0,0,120,30.9,3,0,2,0.5,63,MID
Rayan,Cherki,1,2,20,213,3,99.8,100.2,55.0,2,86,25.5,0,0,0,3.2,63,MID
Jérémy,Doku,1,4,44,617,3,299.0,190.2,230.0,6,165,71.8,4,0,0,6.2,65,MID
İlkay,Gündoğan,0,0,0,0,0,0.0,0.0,0.0,0,0,0.0,0,0,0,0.1,63,MID
Rodrigo 'Rodri',Hernandez Cascante,0,0,12,292,3,50.9,50.6,19.0,0,58,12.0,1,0,0,0.4,63,MID
Mateo,Kovačić,0,0,1,4,0,0.8,2.6,0.0,0,3,0.3,0,0,0,0.0,59,MID
Nico,González Iglesias,1,0,28,644,5,96.8,160.2,38.0,1,165,29.5,4,0,3,0.1,59,MID
Oscar,Bobb,0,1,18,451,5,141.1,67.6,72.0,0,81,28.2,2,0,0,0.3,53,MID
Claudio,Echeverri,0,0,0,0,0,0.0,0.0,0.0,0,0,0.0,0,0,0,0.0,54,MID
Tijjani,Reijnders,1,2,34,757,7,164.2,139.4,163.0,2,145,46.3,3,0,2,18.9,55,MID
Sverre,Nypan,0,0,0,0,0,0.0,0.0,0.0,0,0,0.0,0,0,0,0.0,50,MID
Kalvin,Phillips,0,0,0,0,0,0.0,0.0,0.0,0,0,0.0,0,0,0,0.1,48,MID
Erling,Haaland,14,1,102,944,7,65.0,526.0,649.0,23,444,124.1,6,0,0,70.9,149,FWD
Gianluigi,Donnarumma,0,0,31,720,4,0.0,100.4,0.0,0,130,10.2,4,0,2,10.2,57,GK
Divine,Mukasa,0,0,0,0,0,0.0,0.0,0.0,0,0,0.0,0,0,0,0.0,45,MID
Stephen,Mfuni,0,0,0,0,0,0.0,0.0,0.0,0,0,0.0,0,0,0,0.0,40,DEF
Ryan,McAidoo,0,0,0,0,0,0.0,0.0,0.0,0,0,0.0,0,0,0,0.0,45,MID
Bryan,Mbeumo,5,1,60,955,17,350.9,271.4,333.0,8,225,95.5,2,0,0,33.8,85,MID
Altay,Bayındır,0,0,11,540,11,10.0,118.4,0.0,0,49,12.8,0,0,0,0.3,48,GK
André,Onana,0,0,0,0,0,0.0,0.0,0.0,0,0,0.0,0,0,0,0.2,49,GK
Elyh,Harrison,0,0,0,0,0,0.0,0.0,0.0,0,0,0.0,0,0,0,0.0,40,GK
Tom,Heaton,0,0,0,0,0,0.0,0.0,0.0,0,0,0.0,0,0,0,0.3,39,GK
Dermot,Mee,0,0,0,0,0,0.0,0.0,0.0,0,0,0.0,0,0,0,0.1,39,GK
Matthijs,de Ligt,1,0,39,990,18,44.5,242.8,81.0,5,145,36.7,1,0,0,3.3,50,DEF
Lisandro,Martínez,0,0,0,0,0,0.0,0.0,0.0,0,0,0.0,0,0,0,0.1,48,DEF
Noussair,Mazraoui,0,0,10,200,2,16.9,41.4,8.0,1,44,6.6,1,0,1,0.2,49,DEF
Diego,León Blanco,0,0,0,0,0,0.0,0.0,0.0,0,0,0.0,0,0,0,0.1,42,DEF
Diogo,Dalot Teixeira,0,2,22,592,14,128.7,101.4,27.0,0,58,25.7,1,0,0,1.0,44,DEF
Patrick,Dorgu,0,1,16,622,11,124.4,112.0,84.0,0,68,32.1,1,0,4,2.8,42,DEF
Harry,Maguire,1,1,33,341,4,16.3,86.8,40.0,3,83,14.3,2,0,0,0.8,44,DEF
Luke,Shaw,0,1,28,933,15,45.1,155.0,5.0,0,104,20.5,2,0,0,0.5,45,DEF
Leny,Yoro,0,1,23,638,14,24.6,107.4,24.0,1,68,15.5,1,0,0,1.6,44,DEF
Harry,Amass,0,0,0,0,0,0.0,0.0,0.0,0,0,0.0,0,0,0,0.1,40,DEF
Tyler,Fredricson,0,0,0,0,0,0.0,0.0,0.0,0,0,0.0,0,0,0,0.1,38,DEF
Ayden,Heaven,0,1,4,28,2,10.3,28.6,0.0,0,14,3.9,0,0,0,1.3,38,DEF
Tyrell,Malacia,0,0,0,0,0,0.0,0.0,0.0,0,0,0.0,0,0,0,0.4,38,DEF
Bruno,Borges Fernandes,2,3,50,980,18,413.3,313.0,194.0,8,243,92.2,1,0,2,16.5,89,MID
Matheus,Santos Carneiro da Cunha,1,0,26,683,10,148.0,132.2,177.0,1,124,45.7,1,0,0,4.5,79,MID
Marcus,Rashford,0,0,0,0,0,0.0,0.0,0.0,0,0,0.0,0,0,0,0.0,70,MID
Amad,Diallo,1,3,37,753,10,204.3,189.6,156.0,5,180,55.1,2,0,1,1.8,63,MID
Antony,dos Santos,0,0,0,0,0,0.0,0.0,0.0,0,0,0.0,0,0,0,0.1,59,MID
Mason,Mount,1,0,22,349,5,89.6,64.0,67.0,2,70,22.1,3,0,0,0.3,59,MID
Carlos Henrique,Casimiro,3,2,47,617,6,96.5,207.8,95.0,5,165,40.0,3,1,3,1.2,55,MID
Kobbie,Mainoo,0,0,7,138,6,56.6,29.4,5.0,0,26,9.1,0,0,0,0.4,47,MID
Manuel,Ugarte Ribeiro,0,0,13,299,11,26.4,54.6,2.0,0,66,8.2,0,0,0,0.1,48,MID
Toby,Collyer,0,0,0,0,0,0.0,0.0,0.0,0,0,0.0,0,0,0,0.0,45,MID
Jayce,Fitzgerald,0,0,0,0,0,0.0,0.0,0.0,0,0,0.0,0,0,0,0.0,44,MID
Jack,Fletcher,0,0,0,0,0,0.0,0.0,0.0,0,0,0.0,0,0,0,0.1,43,MID
Sékou,Koné,0,0,0,0,0,0.0,0.0,0.0,0,0,0.0,0,0,0,0.1,44,MID
Jack,Moorhouse,0,0,0,0,0,0.0,0.0,0.0,0,0,0.0,0,0,0,0.0,45,MID
Rasmus,Højlund,0,0,0,0,0,0.0,0.0,0.0,0,0,0.0,0,0,0,0.3,63,FWD
Joshua,Zirkzee,0,0,4,82,4,17.1,13.6,60.0,0,7,8.9,0,0,0,0.4,58,FWD
Chido,Obi,0,0,0,0,0,0.0,0.0,0.0,0,0,0.0,0,0,0,1.5,43,FWD
Ethan,Wheatley,0,0,0,0,0,0.0,0.0,0.0,0,0,0.0,0,0,0,0.1,45,FWD
Benjamin,Sesko,2,1,31,616,13,97.8,122.6,221.0,5,90,43.5,1,0,1,4.3,73,FWD
Senne,Lammens,0,0,16,450,7,0.0,110.8,0.0,2,63,11.1,1,0,0,1.5,50,GK
Jacob,Ramsey,0,0,5,190,6,84.1,33.4,11.0,0,33,12.9,0,0,1,0.2,53,MID
Yoane,Wissa,0,0,0,0,0,0.0,0.0,0.0,0,0,0.0,0,0,0,0.5,73,FWD
Nick,Pope,0,1,52,976,12,0.0,284.6,0.0,3,221,28.4,5,0,1,11.5,52,GK
Mark,Gillespie,0,0,0,0,0,0.0,0.0,0.0,0,0,0.0,0,0,0,0.1,39,GK
Odysseas,Vlachodimos,0,0,0,0,0,0.0,0.0,0.0,0,0,0.0,0,0,0,0.0,40,GK
Lewis,Hall,0,0,9,146,3,5.5,34.0,11.0,1,28,5.1,1,0,0,0.7,52,DEF
Fabian,Schär,0,0,25,424,3,27.0,112.0,17.0,0,95,15.7,3,0,0,1.7,54,DEF
Sven,Botman,0,0,31,642,10,35.0,159.4,43.0,4,116,23.7,3,0,0,0.6,49,DEF
Dan,Burn,0,1,48,972,14,48.6,177.2,43.0,4,116,26.9,5,1,3,8.6,52,DEF
Tino,Livramento,0,1,37,526,3,56.3,71.4,16.0,3,137,14.3,5,0,0,2.7,49,DEF
Kieran,Trippier,0,0,30,699,10,230.7,113.0,4.0,2,121,34.6,4,0,1,2.4,50,DEF
Emil,Krafth,0,0,0,45,2,1.2,1.4,0.0,0,-8,0.3,0,0,0,0.0,43,DEF
Jamaal,Lascelles,0,0,1,19,2,0.0,10.2,7.0,0,0,1.7,0,0,0,0.1,43,DEF
Alex,Murphy,0,0,0,0,0,0.0,0.0,0.0,0,0,0.0,0,0,0,0.6,39,DEF
Harrison,Ashby,0,0,0,0,0,0.0,0.0,0.0,0,0,0.0,0,0,0,0.1,39,DEF
Miodrag,Pivaš,0,0,0,0,0,0.0,0.0,0.0,0,0,0.0,0,0,0,0.2,39,DEF
Matt,Targett,0,0,0,0,0,0.0,0.0,0.0,0,0,0.0,0,0,0,0.2,40,DEF
Anthony,Gordon,0,0,12,461,7,95.8,40.8,130.0,0,43,26.4,3,1,0,1.8,73,MID
Anthony,Elanga,0,0,16,411,9,117.2,44.2,69.0,0,53,23.1,2,0,0,3.4,66,MID
Harvey,Barnes,1,0,24,464,6,114.4,69.2,123.0,2,73,30.4,2,0,0,0.4,63,MID
Bruno,Guimarães Rodriguez Moura,3,2,50,895,14,232.2,221.0,107.0,6,212,56.0,4,0,3,3.6,66,MID
Jacob,Murphy,2,1,36,566,5,110.3,141.8,223.0,2,129,47.4,4,0,0,1.1,61,MID
Joelinton Cássio,Apolinário de Lira,0,0,21,649,8,84.5,71.0,107.0,0,83,26.4,3,0,2,0.3,59,MID
Sandro,Tonali,0,1,32,869,9,220.8,154.8,92.0,1,176,46.9,5,0,0,1.3,54,MID
Antoñito,Cordero Campillo,0,0,0,0,0,0.0,0.0,0.0,0,0,0.0,0,0,0,0.0,49,MID
Joe,Willock,0,0,5,99,2,3.0,11.2,6.0,0,19,1.9,1,0,0,0.1,50,MID
Isaac,Hayden,0,0,0,0,0,0.0,0.0,0.0,0,0,0.0,0,0,0,0.0,45,MID
Garang,Kuol,0,0,0,0,0,0.0,0.0,0.0,0,0,0.0,0,0,0,0.0,44,MID
Lewis,Miley,0,1,14,273,3,52.3,45.0,10.0,0,62,10.9,1,0,0,2.0,44,MID
Joe,White,0,0,0,0,0,0.0,0.0,0.0,0,0,0.0,0,0,0,0.0,45,MID
William,Osula,1,1,18,213,4,14.2,41.2,68.0,0,60,12.1,1,0,0,0.3,55,FWD
Sean,Neave,0,0,0,0,0,0.0,0.0,0.0,0,0,0.0,0,0,0,0.2,44,FWD
Aaron,Ramsdale,0,0,0,13,2,0.0,8.8,0.0,0,-2,0.9,0,0,0,0.6,48,GK
Malick,Thiaw,0,0,26,632,12,21.0,147.4,62.0,2,89,23.1,2,0,1,0.5,49,DEF
Seung-Soo,Park,0,0,0,0,0,0.0,0.0,0.0,0,0,0.0,0,0,0,0.3,44,MID
Nick,Woltemade,4,1,40,613,8,64.4,151.8,166.0,6,133,38.5,4,0,0,20.8,74,FWD
Oleksandr,Zinchenko,0,0,5,253,4,52.4,62.6,15.0,0,46,13.0,0,0,0,0.2,49,DEF
James,McAtee,0,0,4,126,5,39.8,14.0,6.0,0,20,6.1,0,0,0,0.1,51,MID
Matz,Sels,0,0,23,990,20,0.0,269.6,0.0,0,101,27.0,0,0,1,7.9,48,GK
Carlos Miguel,dos Santos Pereira,0,0,0,0,0,0.0,0.0,0.0,0,0,0.0,0,0,0,0.1,40,GK
Matt,Turner,0,0,0,0,0,0.0,0.0,0.0,0,0,0.0,0,0,0,0.1,40,GK
Nikola,Milenković,0,0,19,990,20,26.4,182.6,54.0,0,78,26.4,0,0,1,3.7,52,DEF
Murillo,Costa dos Santos,0,0,13,649,13,15.8,137.4,8.0,0,55,16.1,0,0,2,1.9,53,DEF
Ola,Aina,0,0,6,270,5,33.3,53.8,11.0,0,20,9.8,0,0,1,2.4,47,DEF
Neco,Williams,1,0,20,990,20,153.0,223.0,109.0,2,112,48.5,0,0,4,3.3,47,DEF
David,Mota Veiga Teixeira do Carmo,0,0,0,0,0,0.0,0.0,0.0,0,0,0.0,0,0,0,0.0,45,DEF
Jair,Paula da Cunha Filho,0,0,3,90,2,0.4,26.0,0.0,0,9,2.6,0,0,0,0.1,43,DEF
Felipe,Rodrigues da Silva,0,0,8,438,9,5.5,93.4,3.0,0,38,10.2,0,0,3,0.1,43,DEF
Omar,Richards,0,0,0,0,0,0.0,0.0,0.0,0,0,0.0,0,0,0,0.0,45,DEF
Zach,Abbott,0,0,0,0,0,0.0,0.0,0.0,0,0,0.0,0,0,0,0.2,39,DEF
Willy,Boly,0,0,0,0,0,0.0,0.0,0.0,0,0,0.0,0,0,0,0.4,39,DEF
Morgan,Gibbs-White,2,1,40,906,18,202.3,154.4,225.0,4,170,57.8,0,0,0,3.2,73,MID
Callum,Hudson-Odoi,1,0,22,567,12,212.9,105.0,105.0,3,97,42.4,0,0,0,0.6,57,MID
Elliot,Anderson,1,1,41,990,20,281.8,236.0,94.0,1,205,61.4,0,0,2,2.9,53,MID
João Pedro,Ferreira da Silva,0,0,1,11,0,0.5,5.0,4.0,0,6,1.0,0,0,0,0.0,54,MID
Nicolás,Domínguez,0,0,2,110,2,45.3,17.2,0.0,0,18,6.3,0,0,1,0.0,50,MID
Lewis,O'Brien,0,0,0,0,0,0.0,0.0,0.0,0,0,0.0,0,0,0,0.0,50,MID
Ibrahim,Sangaré,1,0,18,500,10,47.2,98.4,55.0,0,90,20.1,0,0,2,0.1,49,MID
Ryan,Yates,0,1,11,240,4,25.5,53.0,21.0,0,47,9.9,0,0,1,0.1,47,MID
Eric,da Silva Moreira,0,0,0,0,0,0.0,0.0,0.0,0,0,0.0,0,0,0,0.1,45,MID
Marko,Stamenić,0,0,0,0,0,0.0,0.0,0.0,0,0,0.0,0,0,0,0.0,45,MID
Chris,Wood,2,0,25,538,8,49.6,77.6,179.0,3,85,29.8,1,0,0,5.8,72,FWD
Igor Jesus,Maciel da Cruz,0,1,14,326,11,36.3,23.8,107.0,0,41,16.1,0,0,0,0.7,58,FWD
Taiwo,Awoniyi,0,0,4,133,1,25.7,11.8,39.0,0,19,7.7,0,0,0,0.4,52,FWD
Dan,Ndoye,1,2,32,755,13,121.2,116.4,106.0,4,123,34.4,0,0,1,1.1,57,MID
Angus,Gunn,0,0,0,0,0,0.0,0.0,0.0,0,0,0.0,0,0,0,1.4,40,GK
Omari,Hutchinson,0,2,13,128,2,88.7,46.4,51.0,1,49,18.3,0,0,0,0.0,54,MID
Arnaud,Kalimuendo,0,0,6,66,2,16.4,2.8,22.0,0,14,4.1,0,0,0,0.1,60,FWD
Douglas Luiz,Soares de Paulo,0,1,7,185,5,46.5,23.2,10.0,0,40,8.0,0,0,1,0.0,50,MID
John Victor,Maciel Furtado,0,0,0,0,0,0.0,0.0,0.0,0,0,0.0,0,0,0,0.3,40,GK
Nicolò,Savona,1,0,12,429,10,44.3,104.0,43.0,0,40,19.2,0,0,0,0.0,45,DEF
Luis Eduardo,Soares da Silva,0,0,0,0,0,0.0,0.0,0.0,0,0,0.0,0,0,0,0.0,45,DEF
Dilane,Bakwa,0,0,5,172,4,73.7,30.2,49.0,0,27,15.3,0,0,0,0.0,60,MID
Anthony,Patterson,0,0,0,0,0,0.0,0.0,0.0,0,0,0.0,0,0,0,0.2,43,GK
Simon,Moore,0,0,0,0,0,0.0,0.0,0.0,0,0,0.0,0,0,0,0.4,39,GK
Blondy,Nna Noukeu,0,0,0,0,0,0.0,0.0,0.0,0,0,0.0,0,0,0,0.1,39,GK
Daniel,Ballard,2,1,49,579,5,55.1,253.0,175.0,5,149,48.4,2,0,0,3.0,46,DEF
Trai,Hume,0,1,41,978,10,126.1,153.0,48.0,2,160,32.8,4,0,1,0.4,45,DEF
Aji,Alese,0,0,0,0,0,0.0,0.0,0.0,0,0,0.0,0,0,0,0.0,40,DEF
Joe,Anderson,0,0,0,0,0,0.0,0.0,0.0,0,0,0.0,0,0,0,0.4,39,DEF
Dennis,Cirkin,0,0,0,0,0,0.0,0.0,0.0,0,0,0.0,0,0,0,0.0,40,DEF
Leo Fuhr,Hjelde,0,0,0,0,0,0.0,0.0,0.0,0,0,0.0,0,0,0,0.0,40,DEF
Niall,Huggins,0,0,0,0,0,0.0,0.0,0.0,0,0,0.0,0,0,0,0.1,40,DEF
Zak,Johnson,0,0,0,0,0,0.0,0.0,0.0,0,0,0.0,0,0,0,0.3,39,DEF
Luke,O'Nien,0,0,0,0,0,0.0,0.0,0.0,0,0,0.0,0,0,0,0.1,40,DEF
Timothée,Pembélé,0,0,0,0,0,0.0,0.0,0.0,0,0,0.0,0,0,0,0.4,39,DEF
Reinildo,Mandava,0,0,18,662,8,26.0,108.4,19.0,0,79,15.4,2,1,2,4.3,40,DEF
Jenson,Seelt,0,0,2,133,2,2.4,33.6,0.0,0,11,3.6,0,0,0,0.1,40,DEF
Simon,Adingra,0,1,14,297,5,79.1,28.4,8.0,0,37,11.5,2,0,1,0.5,51,MID
Habib,Diarra,0,1,12,345,2,31.0,10.6,45.0,0,23,8.0,2,0,1,0.0,53,MID
Patrick,Roberts,0,0,1,27,1,7.3,1.8,5.0,0,4,1.4,0,0,0,0.0,54,MID
Milan,Aleksić,0,0,0,0,0,0.0,0.0,0.0,0,0,0.0,0,0,0,0.0,49,MID
Enzo,Le Fée,1,1,34,692,8,147.9,160.0,49.0,3,118,35.6,2,0,1,0.4,49,MID
Romaine,Mundle,0,0,0,0,0,0.0,0.0,0.0,0,0,0.0,0,0,0,0.0,49,MID
Dan,Neil,0,0,2,2,0,0.0,2.0,0.0,0,7,0.2,0,0,0,0.0,48,MID
Ian,Poveda-Ocampo,0,0,0,0,0,0.0,0.0,0.0,0,0,0.0,0,0,0,0.0,48,MID
Chris,Rigg,0,0,8,186,0,25.6,9.0,7.0,0,23,4.3,1,0,0,0.0,48,MID
Noah,Sadiki,0,0,26,983,10,129.2,114.8,23.0,0,135,26.8,4,0,4,0.1,50,MID
Chemsdine,Talbi,1,2,34,587,3,90.7,83.6,78.0,2,100,25.2,4,0,0,0.3,50,MID
Abdoullah,Ba,0,0,0,0,0,0.0,0.0,0.0,0,0,0.0,0,0,0,0.6,43,MID
Alan,Browne,0,0,0,0,0,0.0,0.0,0.0,0,0,0.0,0,0,0,0.0,45,MID
Pierre,Ekwah Elimby,0,0,0,0,0,0.0,0.0,0.0,0,0,0.0,0,0,0,0.0,45,MID
Harrison,Jones,0,0,0,0,0,0.0,0.0,0.0,0,0,0.0,0,0,0,0.1,44,MID
Jay,Matete,0,0,0,0,0,0.0,0.0,0.0,0,0,0.0,0,0,0,0.2,44,MID
Nectarios,Triantis,0,0,0,0,0,0.0,0.0,0.0,0,0,0.0,0,0,0,0.0,44,MID
Wilson,Isidor,4,0,41,670,8,13.8,137.6,228.0,7,142,37.8,3,0,0,3.5,56,FWD
Eliezer,Mayenda Dossou,1,0,16,260,1,24.6,48.2,52.0,2,56,12.3,2,0,0,0.6,54,FWD
Ahmed,Abdullahi,0,0,0,0,0,0.0,0.0,0.0,0,0,0.0,0,0,0,0.4,43,FWD
Luís Hemir,Silva Semedo,0,0,0,0,0,0.0,0.0,0.0,0,0,0.0,0,0,0,0.1,44,FWD
Nazarii,Rusyn,0,0,0,0,0,0.0,0.0,0.0,0,0,0.0,0,0,0,0.1,44,FWD
Granit,Xhaka,1,3,52,990,10,244.6,300.4,37.0,4,234,58.1,4,0,4,6.4,52,MID
Robin,Roefs,0,0,56,990,10,20.0,323.8,0.0,6,222,34.3,4,0,1,7.6,47,GK
Arthur,Masuaku,0,0,1,125,2,20.1,21.8,7.0,0,4,4.9,0,0,1,0.7,39,DEF
Omar,Alderete,1,1,45,667,6,38.6,228.4,77.0,4,143,34.4,3,0,1,4.7,41,DEF
Nordi,Mukiele,1,1,51,810,8,74.9,234.2,61.0,5,174,37.0,3,0,1,6.0,42,DEF
Lutsharel,Geertruida,0,0,10,337,4,18.4,73.8,22.0,0,56,11.5,0,0,0,0.0,45,DEF
Brian,Brobbey,1,1,13,106,1,10.9,59.6,23.0,0,50,9.4,0,0,0,0.1,55,FWD
Bertrand,Traoré,0,1,13,358,5,59.3,42.0,77.0,0,60,17.9,1,0,1,0.1,55,MID
Guglielmo,Vicario,0,0,47,990,10,0.1,286.8,0.0,5,217,28.7,4,0,0,9.4,50,GK
Brandon,Austin,0,0,0,0,0,0.0,0.0,0.0,0,0,0.0,0,0,0,0.3,39,GK
Antonín,Kinský,0,0,0,0,0,0.0,0.0,0.0,0,0,0.0,0,0,0,1.9,39,GK
Pedro,Porro Sauceda,0,2,46,863,8,207.8,179.2,25.0,2,180,41.3,4,0,1,17.1,55,DEF
Cristian,Romero,0,1,34,747,6,30.2,178.0,73.0,3,148,28.0,3,0,4,4.0,50,DEF
Kevin,Danso,0,0,12,257,4,3.4,64.4,0.0,1,48,6.8,1,0,3,0.1,43,DEF
Ben,Davies,0,0,0,0,0,0.0,0.0,0.0,0,0,0.0,0,0,0,0.1,43,DEF
Radu,Drăgușin,0,0,0,0,0,0.0,0.0,0.0,0,0,0.0,0,0,0,0.0,45,DEF
Djed,Spence,0,0,31,758,7,56.5,92.0,34.0,0,103,18.1,4,0,2,1.5,45,DEF
Destiny,Udogie,0,1,12,341,5,71.7,77.0,48.0,0,54,19.7,0,0,0,0.4,44,DEF
Micky,van de Ven,3,0,58,979,10,33.9,253.4,120.0,5,210,40.8,4,0,2,33.3,48,DEF
Ashley,Phillips,0,0,0,0,0,0.0,0.0,0.0,0,0,0.0,0,0,0,0.0,40,DEF
Takai,Kōta,0,0,0,0,0,0.0,0.0,0.0,0,0,0.0,0,0,0,0.1,40,DEF
Luka,Vušković,0,0,0,0,0,0.0,0.0,0.0,0,0,0.0,0,0,0,0.4,39,DEF
Son,Heung-min,0,0,0,0,0,0.0,0.0,0.0,0,0,0.0,0,0,0,0.1,85,MID
Brennan,Johnson,2,0,28,467,3,68.9,117.8,64.0,2,99,25.1,3,0,2,2.9,67,MID
James,Maddison,0,0,0,0,0,0.0,0.0,0.0,0,0,0.0,0,0,0,0.1,68,MID
Mohammed,Kudus,1,5,45,875,8,264.1,206.4,192.0,4,139,66.2,4,0,3,20.2,65,MID
Dejan,Kulusevski,0,0,0,0,0,0.0,0.0,0.0,0,0,0.0,0,0,0,0.0,64,MID
Mathys,Tel,2,0,23,246,3,10.1,75.2,59.0,2,66,14.5,1,0,0,0.1,63,MID
Rodrigo,Bentancur,1,1,35,655,9,78.4,144.6,57.0,3,149,28.1,2,0,1,0.4,53,MID
Lucas,Bergvall,1,1,24,409,3,41.6,92.2,93.0,0,82,22.8,2,0,1,0.3,54,MID
Yves,Bissouma,0,0,0,0,0,0.0,0.0,0.0,0,0,0.0,0,0,0,0.0,52,MID
Wilson,Odobert,0,1,19,376,6,97.2,62.8,88.0,3,68,24.8,0,0,0,0.0,53,MID
Manor,Solomon,0,0,0,0,0,0.0,0.0,0.0,0,0,0.0,0,0,0,0.0,54,MID
Bryan,Gil Salvatierra,0,0,0,0,0,0.0,0.0,0.0,0,0,0.0,0,0,0,0.0,49,MID
Archie,Gray,0,0,4,71,0,13.2,6.0,2.0,0,17,2.2,1,0,0,0.1,48,MID
Mikey,Moore,0,0,0,0,0,0.0,0.0,0.0,0,0,0.0,0,0,0,0.0,50,MID
Pape Matar,Sarr,2,2,37,570,4,67.0,139.6,77.0,0,140,28.4,3,0,0,1.6,48,MID
Yang,Min-hyeok,0,0,0,0,0,0.0,0.0,0.0,0,0,0.0,0,0,0,0.0,45,MID
Callum,Olusesi,0,0,0,0,0,0.0,0.0,0.0,0,0,0.0,0,0,0,0.2,44,MID
Dominic,Solanke-Mitchell,0,0,2,31,0,0.3,6.0,25.0,0,10,3.1,0,0,0,0.9,72,FWD
Richarlison,de Andrade,4,2,44,631,7,65.6,191.4,253.0,7,180,51.0,2,0,2,7.6,64,FWD
Will,Lankshear,0,0,0,0,0,0.0,0.0,0.0,0,0,0.0,0,0,0,0.0,45,FWD
Dane,Scarlett,0,0,0,0,0,0.0,0.0,0.0,0,0,0.0,0,0,0,0.7,43,FWD
João Maria,Lobo Alves Palhares Costa Palhinha Gonçalves,2,1,51,861,9,50.0,241.2,91.0,8,205,38.3,3,0,3,1.8,55,MID
Xavi,Simons,0,1,20,530,6,111.0,75.2,39.0,0,82,22.5,2,0,2,1.3,67,MID
Randal,Kolo Muani,0,0,6,189,2,22.8,8.2,8.0,0,19,3.6,1,0,0,0.2,69,FWD
Jun'ai,Byfield,0,0,0,0,0,0.0,0.0,0.0,0,0,0.0,0,0,0,0.0,40,DEF
James,Rowswell,0,0,0,0,0,0.0,0.0,0.0,0,0,0.0,0,0,0,0.0,40,DEF
Yusuf,Akhamrich,0,0,0,0,0,0.0,0.0,0.0,0,0,0.0,0,0,0,0.0,45,MID
Igor Julio,dos Santos de Paulo,0,0,3,13,1,10.3,3.0,0.0,0,5,1.3,0,0,0,0.1,45,DEF
Alphonse,Areola,0,0,15,630,12,0.0,187.4,0.0,0,78,18.8,0,0,0,2.1,43,GK
Wes,Foderingham,0,0,0,0,0,0.0,0.0,0.0,0,0,0.0,0,0,0,0.3,40,GK
Krisztián,Hegyi,0,0,0,0,0,0.0,0.0,0.0,0,0,0.0,0,0,0,0.2,39,GK
El Hadji Malick,Diouf,0,4,31,945,22,137.0,205.4,43.0,1,93,38.6,1,0,1,3.0,43,DEF
Emerson,Palmieri dos Santos,0,0,0,0,0,0.0,0.0,0.0,0,0,0.0,0,0,0,0.1,44,DEF
Maximilian,Kilman,0,0,20,990,23,42.5,245.8,45.0,0,58,33.4,1,0,3,0.2,43,DEF
Konstantinos,Mavropanos,0,0,17,495,9,2.7,128.8,55.0,0,54,18.6,1,0,1,0.0,44,DEF
Nayef,Aguerd,0,0,3,180,8,3.9,39.0,8.0,0,-1,5.1,0,0,0,0.0,44,DEF
Ollie,Scarles,0,0,1,69,3,1.2,8.0,0.0,0,-2,0.9,0,0,0,0.0,44,DEF
Jean-Clair,Todibo,0,0,7,486,12,16.4,110.0,4.0,0,34,13.1,0,0,1,0.1,43,DEF
Aaron,Wan-Bissaka,0,1,14,561,16,76.3,98.6,14.0,0,25,19.0,0,0,0,5.7,43,DEF
Kaelan,Casey,0,0,0,0,0,0.0,0.0,0.0,0,0,0.0,0,0,0,0.1,40,DEF
Lucas,Tolentino Coelho de Lima,3,1,45,959,22,248.9,263.0,135.0,5,198,64.8,1,0,5,2.4,59,MID
Tomáš,Souček,2,1,26,422,14,18.7,134.8,176.0,3,101,33.1,1,1,0,0.3,57,MID
James,Ward-Prowse,0,0,11,414,11,176.3,56.6,6.0,0,82,23.9,1,0,0,0.2,56,MID
Crysencio,Summerville,0,3,23,639,13,84.5,77.8,100.0,0,91,26.3,0,0,3,0.1,55,MID
Edson,Álvarez Velázquez,0,0,0,0,0,0.0,0.0,0.0,0,0,0.0,0,0,0,0.1,49,MID
Maxwel,Cornet,0,0,0,0,0,0.0,0.0,0.0,0,0,0.0,0,0,0,0.0,49,MID
Guido,Rodríguez,0,0,3,89,2,2.5,3.4,2.0,0,14,0.8,0,0,0,0.0,48,MID
Luis Guilherme,Lira dos Santos,0,0,3,54,1,0.6,1.6,4.0,0,5,0.4,0,0,0,0.0,49,MID
George,Earthy,0,0,0,0,0,0.0,0.0,0.0,0,0,0.0,0,0,0,0.0,45,MID
Andy,Irving,0,0,8,149,4,38.3,29.6,2.0,0,45,7.0,0,0,0,0.3,44,MID
Lewis,Orford,0,0,0,0,0,0.0,0.0,0.0,0,0,0.0,0,0,0,0.1,44,MID
Freddie,Potts,0,0,10,282,5,78.5,60.4,2.0,0,59,14.0,0,0,0,0.6,44,MID
Jarrod,Bowen,3,1,46,990,23,196.3,224.6,274.0,9,210,69.6,1,0,0,7.2,77,FWD
Niclas,Füllkrug,0,0,10,379,9,72.3,24.8,125.0,0,23,21.9,1,0,0,0.7,56,FWD
Callum,Marshall,0,0,2,58,2,0.1,1.2,7.0,0,0,0.8,0,0,0,0.7,44,FWD
Kyle,Walker-Peters,1,0,21,465,8,49.3,103.8,67.0,0,79,22.1,1,0,1,0.3,43,DEF
Callum,Wilson,2,0,22,365,7,27.8,89.6,165.0,3,90,28.0,1,0,0,0.4,58,FWD
Mads,Hermansen,0,0,9,360,11,0.0,84.8,0.0,0,27,8.5,1,0,0,0.2,44,GK
Mateus Gonçalo,Espanha Fernandes,1,1,28,642,11,167.9,149.4,39.0,2,129,35.7,1,0,1,0.1,55,MID
Soungoutou,Magassa,0,0,6,189,4,7.5,35.8,0.0,0,26,4.3,0,0,1,0.0,50,MID
Lukasz,Fabianski,0,0,0,0,0,0.0,0.0,0.0,0,0,0.0,0,0,0,0.0,45,GK
Ezra,Mayers,0,0,0,0,0,0.0,0.0,0.0,0,0,0.0,0,0,0,0.0,40,DEF
Airidas,Golambeckis,0,0,0,0,0,0.0,0.0,0.0,0,0,0.0,0,0,0,0.0,40,DEF
Sam,Johnstone,0,0,15,630,14,0.1,195.0,0.0,0,78,19.5,0,0,0,0.1,45,GK
José,Malheiro de Sá,0,0,5,360,11,10.0,44.0,0.0,0,7,5.5,0,0,0,1.1,43,GK
Daniel,Bentley,0,0,0,0,0,0.0,0.0,0.0,0,0,0.0,0,0,0,0.6,40,GK
Emmanuel,Agbadou,0,0,11,560,17,39.9,162.2,39.0,0,27,24.2,0,1,0,0.2,43,DEF
Matt,Doherty,0,0,2,291,6,21.8,49.4,4.0,0,15,7.6,0,0,3,0.1,44,DEF
Hugo,Bueno López,0,0,21,792,16,256.6,187.4,67.0,2,84,51.3,1,0,1,0.1,44,DEF
Yerson,Mosquera Valdelamar,0,0,1,182,6,0.7,20.2,21.0,0,2,4.2,0,0,1,0.1,43,DEF
Rodrigo,Martins Gomes,1,0,13,331,9,40.4,60.2,103.0,0,20,20.5,0,0,0,0.1,44,DEF
Santiago,Ignacio Bueno,1,1,25,664,16,48.2,190.6,68.0,2,77,30.7,0,0,2,0.1,44,DEF
Toti,Gomes,0,0,6,525,17,57.1,95.0,27.0,0,19,17.9,0,1,1,0.1,43,DEF
Ki-Jana,Hoever,0,0,5,249,8,60.2,56.4,13.0,0,16,13.1,0,0,0,0.9,39,DEF
Bastien,Meupiyou Menadjou,0,0,0,0,0,0.0,0.0,0.0,0,0,0.0,0,0,0,0.0,40,DEF
Pedro,Cardoso de Lima,0,0,0,0,0,0.0,0.0,0.0,0,0,0.0,0,0,0,0.5,40,DEF
Alfie,Pond,0,0,0,0,0,0.0,0.0,0.0,0,0,0.0,0,0,0,1.4,39,DEF
Hwang,Hee-chan,1,0,16,366,7,32.8,53.2,51.0,0,55,13.7,0,0,0,0.1,57,MID
André,Trindade da Costa Neto,0,0,25,703,16,41.8,95.6,7.0,1,114,14.4,0,0,3,0.1,53,MID
Jean-Ricner,Bellegarde,0,0,13,474,16,74.2,49.8,62.0,0,64,18.5,0,0,1,0.0,52,MID
Fer,López González,0,1,7,116,5,52.0,27.0,32.0,0,24,11.0,0,0,1,0.0,52,MID
João Victor,Gomes da Silva,0,0,24,835,20,111.9,121.0,35.0,0,132,27.0,1,0,3,0.1,53,MID
Gonçalo Manuel,Ganchinho Guedes,0,0,0,0,0,0.0,0.0,0.0,0,0,0.0,0,0,0,0.0,55,MID
Marshall,Munetsi,1,2,35,802,18,59.6,159.4,169.0,1,126,38.8,0,0,2,0.1,54,MID
Boubacar,Traoré,0,0,0,0,0,0.0,0.0,0.0,0,0,0.0,0,0,0,0.0,50,MID
Tawanda,Chirewa,0,0,0,0,0,0.0,0.0,0.0,0,0,0.0,0,0,0,0.3,44,MID
Tom,Edozie,0,0,0,0,0,0.0,0.0,0.0,0,0,0.0,0,0,0,0.3,44,MID
Enso,González Medina,0,0,0,0,0,0.0,0.0,0.0,0,0,0.0,0,0,0,1.4,44,MID
Joe,Hodge,0,0,0,0,0,0.0,0.0,0.0,0,0,0.0,0,0,0,0.0,45,MID
Jørgen,Strand Larsen,1,0,21,707,16,61.6,60.4,163.0,0,60,28.3,2,0,0,1.1,63,FWD
Fábio,Soares Silva,0,0,0,0,0,0.0,0.0,0.0,0,0,0.0,0,0,0,0.2,49,FWD
Saša,Kalajdžić,0,0,1,14,0,4.3,1.0,2.0,0,1,0.7,0,0,0,0.1,49,FWD
Leon,Chiwome,0,0,0,0,0,0.0,0.0,0.0,0,0,0.0,0,0,0,0.0,44,FWD
Nathan,Fraser,0,0,0,0,0,0.0,0.0,0.0,0,0,0.0,0,0,0,1.8,43,FWD
Jhon,Arias,0,0,19,545,10,153.9,83.4,80.0,1,90,31.7,1,0,0,0.2,51,MID
David,Møller Wolfe,0,1,8,149,6,20.9,37.0,4.0,0,15,6.3,0,0,0,0.1,43,DEF
Jackson,Tchatchoua,0,0,14,517,15,93.5,118.8,18.0,0,17,23.0,0,0,0,0.0,45,DEF
Ladislav,Krejcí,1,1,17,720,17,75.2,208.0,112.0,0,64,39.6,0,0,1,0.1,45,DEF
Tolu,Arokodare,0,0,9,208,8,16.4,13.4,71.0,0,25,9.8,0,0,0,0.1,55,FWD
Mateus,Mané,0,0,1,20,1,10.9,0.0,0.0,0,1,1.0,0,0,0,0.0,45,FWD
